obs,IBEX35
1,0.5233398012
2,0.8820699029
3,-0.1085202827
4,-1.0858515544
5,-0.1230936364
6,0.0999315141
7,-0.472513124
8,-0.0902498346
9,-1.0473682873
10,-0.666224361
11,-1.5490054474
12,0.3631337904
13,-0.3755814046
14,-0.242071974
15,0.1039787421
16,-0.5160054789
17,-1.4481771513
18,0
19,-0.2189849131
20,0.4318612444
21,-0.0704711932
22,0.2327904141
23,0.559566238
24,0.8223799019
25,1.5515512504
26,0.1469666761
27,-0.3685939859
28,-0.2226469834
29,-1.0265604162
30,-0.3156771497
31,-0.7063741034
32,0.3118708572
33,0.020957047
34,-0.3038604139
35,-0.157662368
36,-0.9614754429
37,-1.0346149607
38,0.1682525034
39,-0.6898292744
40,-1.3424787266
41,0.609220468
42,0.2357042863
43,-0.6981463544
44,0.3460710767
45,0
46,-0.4174922194
47,0.0765503652
48,0.2732040944
49,0.1997949279
50,-0.4024133293
51,-0.3640467912
52,-0.8183719047
53,-0.3610172587
54,-0.3548789767
55,-0.8830292016
56,-0.4117536212
57,-0.2894082172
58,-1.8132184881
59,-1.3206859221
60,0.1478920679
61,-1.7986975505
62,-0.5736114953
63,-0.461567708
64,-0.6875206464
65,-2.8215160101
66,0.4555895954
67,0.3916980508
68,0.6324754839
69,0.8693031287
70,1.2218584216
71,0.8873883202
72,0.8359491708
73,1.9331338142
74,1.4763338542
75,2.0815469788
76,-0.7181317618
77,1.3005395688
78,0.6363751574
79,-1.8934089403
80,0.1011877669
81,-0.5727781187
82,-0.4593068608
83,-0.3820900209
84,0.57337267
85,0.2869184436
86,0.7604820645
87,0.8966750361
88,0.2222081993
89,0.4803159927
90,0.2426952187
91,1.1224680972
92,0.4244098452
93,-0.0866626935
94,-0.354303913
95,-0.4463036913
96,0.2369158217
97,-0.2181589328
98,-0.0546389607
99,-0.4229135212
100,-0.4100860905
101,0.2500015931
102,0.9204626612
103,0.472383679
104,0.0216856898
105,0.4989981812
106,0.5037058092
107,-0.7517894745
108,-0.3643000563
109,-0.3837417516
110,0.3743424918
111,0.2751752517
112,0.1047047037
113,-0.1334693769
114,-0.4514590681
115,-0.4499014421
116,-0.1603343639
117,0.8358975003
118,0.9520902246
119,0.8606510159
120,0.967005485
121,-0.2429542536
122,0.229438718
123,0.6339229106
124,0.3604736472
125,0.0627420186
126,0.540127842
127,0.6239036266
128,-0.4408928056
129,-0.3598545513
130,0.7951800896
131,0.7165679692
132,0.2359986402
133,0.8838047442
134,0.3348468663
135,1.2709914202
136,-0.5592719801
137,-1.6738078655
138,0.3846967784
139,0.6817307132
140,-2.3209636603
141,0.579338149
142,0.0445756536
143,-0.753942581
144,-1.0912806307
145,-1.1277077452
146,0.0918404585
147,0.3315901409
148,-1.0548636945
149,-4.5666320514
150,-6.3863852925
151,3.8704527124
152,-1.7845961558
153,0.3470383742
154,-0.4080330843
155,-2.9535401159
156,0.8161380733
157,1.7626590258
158,-3.0175059258
159,0.0889138365
160,-3.2740959726
161,-0.4424467653
162,-4.301328838
163,1.3185964148
164,6.0705588273
165,1.6264927389
166,-0.962685802
167,1.7091223992
168,0.2786914268
169,-1.1435727198
170,-1.5344618684
171,-1.5828453609
172,-1.7119191224
173,12.3482010433
174,-9.3130650219
175,-1.6184482526
176,-0.7026232377
177,-1.8558553657
178,-1.713927471
179,-0.6149626872
180,-2.3733840361
181,0.3485986148
182,-0.43761589
183,-1.227937987
184,-2.2938435995
185,-2.8640734352
186,-0.1450233644
187,1.229531155
188,-1.4584927655
189,2.6835684126
190,4.9858101931
191,-0.4186382547
192,-1.4917056526
193,-0.1560272485
194,2.3072060186
195,-2.1877780993
196,-1.0563539396
197,-0.8541349941
198,0.8427361217
199,0.6639369403
200,1.9370565015
201,2.7237446065
202,1.6869081305
203,1.0569312975
204,2.8845543098
205,-0.3291280345
206,0.4054316059
207,-1.6650996691
208,-0.3895169021
209,-1.5767045204
210,-0.548349207
211,-1.6629160126
212,0.3929705104
213,0.0923069853
214,-0.4657112652
215,-0.5827343162
216,2.1713134259
217,0.126038526
218,-0.3776290099
219,0.1873496392
220,0.1522388529
221,0.9379004189
222,-0.4000918337
223,-0.2418524276
224,0.1601706796
225,-0.6570606075
226,-1.4837426335
227,0.4019300059
228,0.2331321525
229,-0.2282074869
230,0.6994086949
231,2.3895325387
232,-0.6058568313
233,0.9915376048
234,2.0486415527
235,1.012059792
236,-0.4287988288
237,0.3768109612
238,0.0907772052
239,-1.2406068718
240,-1.9824179277
241,0.2895258624
242,-0.9637408556
243,-2.1391374479
244,0.2496804932
245,-1.3327613782
246,-0.9344164471
247,0.5319598858
248,-1.8320751573
249,0.6704134144
250,1.1833743603
251,-1.0183293861
252,-0.8940669279
253,2.6701070726
254,-2.9715665896
255,-0.0910125041
256,-2.017754487
257,0.5438687542
258,-0.166447705
259,7.0763920555
260,-1.5094773548
261,-1.1417316123
262,-0.8751298813
263,-0.542207837
264,1.8068209106
265,0.7390883655
266,0.6502299557
267,0.100352304
268,2.3198309188
269,-0.545505603
270,-0.2485134959
271,1.976008177
272,1.0489025758
273,0.3585267945
274,0.8432250285
275,0.5684411719
276,2.2117646259
277,-0.3446339119
278,0.9449415806
279,0.8683796772
280,0.5489066555
281,1.6339140093
282,-0.5603713707
283,-0.6489765581
284,0.7236646397
285,1.3786214222
286,2.1451920668
287,-1.7888596451
288,0.3818355609
289,-0.2282317311
290,-0.7854051805
291,0.1805957135
292,1.668667223
293,1.4186479215
294,0.0371932916
295,1.5024407251
296,1.718313296
297,-0.8428535085
298,-0.2760582766
299,0.9142664952
300,1.2994248367
301,0.616467386
302,-2.6631534579
303,0.7713012546
304,-1.3792091278
305,0.2819303834
306,0.9637545025
307,0.8461323404
308,0.7386281173
309,-0.0356096236
310,-0.0391515076
311,-1.4532515827
312,-0.1915921473
313,-0.7532252221
314,0.623918812
315,-0.8086202542
316,0.5483747656
317,0.4544792839
318,0.8288444477
319,-0.1830659966
320,0.5142430694
321,-0.0071364176
322,-0.4794757006
323,-0.9275832697
324,0.8128775381
325,-0.1007673204
326,-0.5585357127
327,-0.7428254011
328,-0.2373044144
329,0.8270064676
330,-0.1887076833
331,0.039984333
332,0.3453038429
333,-0.0362138511
334,1.206636781
335,1.0490966535
336,0.2338205763
337,0.6539729784
338,0.2176978678
339,-0.8409831915
340,1.0001254525
341,-0.199462479
342,-0.1647747952
343,0.5864604048
344,-0.8693407802
345,0.2958440981
346,-0.3651949816
347,0.3630142296
348,0.2563407666
349,0.2592000629
350,0.775632507
351,-0.0312147823
352,0.4854957068
353,-0.4969764681
354,-1.0647621348
355,0.6030037037
356,-0.125452005
357,0.1081642823
358,-0.6448213142
359,-0.2034519517
360,-0.0280964661
361,-0.4148870027
362,-1.3381656316
363,-0.6548479569
364,0.4214350479
365,-0.0143622408
366,-0.4161443914
367,0.6160156325
368,0.0716363812
369,-1.5063182259
370,0.3123860635
371,-0.2788246238
372,-1.1330368041
373,0.9623400195
374,-0.5202122381
375,-1.4701469317
376,-0.0260071024
377,-0.3230070363
378,-1.2067719559
379,1.0895568974
380,0.7794871982
381,0.192415885
382,-0.6057346087
383,-0.869534292
384,0.4423193753
385,0.8957227925
386,0.7916101033
387,-0.7853928541
388,-0.1072867576
389,0.0518838381
390,0.5514237976
391,-0.0515186314
392,-0.2577798797
393,0.823374972
394,0.8019883145
395,0.9118329407
396,-1.3716243671
397,0.5219668164
398,-0.4720577838
399,-0.6530665616
400,0.0110100867
401,0.5324781075
402,0.0292133972
403,-0.1278114029
404,-8.4932819613
405,4.1469166574
406,3.4447509093
407,0.3400735977
408,0.7765522495
409,1.3364893772
410,-0.1910888415
411,-0.2382515776
412,-0.1471863108
413,0.6945354766
414,0.6586600943
415,-0.048110887
416,0.179649554
417,0.0850095382
418,-0.393119516
419,-0.234604935
420,-0.6083749884
421,-0.224938508
422,0.5000235274
423,0.3346970218
424,-0.2113196211
425,0
426,0.8015492943
427,0.3883051202
428,1.5217698184
429,0.5270104221
430,-0.2271466132
431,0.2269444541
432,-0.3499366194
433,-0.7494085084
434,0.149304749
435,-0.9249235376
436,-1.0762142103
437,-0.5180168862
438,-0.6830122995
439,0.7209249317
440,-0.226059849
441,0.1648546015
442,0.1279482565
443,-0.6664709993
444,-0.6489936706
445,0.3553939172
446,0.5672626032
447,-0.1279145911
448,0.4159528
449,0.6657245677
450,1.0378931002
451,-0.3570101063
452,-0.8989924845
453,-0.5527525088
454,1.1138819529
455,-0.3315626978
456,-0.0673382798
457,-0.3822423796
458,-1.9948934147
459,-0.0324599537
460,-0.5511152078
461,-0.7791066214
462,1.1552273703
463,-0.2052622583
464,-0.7675031958
465,-0.6564902952
466,-1.0360115044
467,0.0766845706
468,-1.29161148
469,-0.2518677209
470,0.8160794474
471,-0.4229221312
472,-0.2415296798
473,-1.1774921799
474,0.7217793856
475,0.061483619
476,0.8703663567
477,0.0249200389
478,-1.4123635444
479,0.8750280075
480,0.1575312876
481,-0.8522152734
482,-1.0406662385
483,-1.0614280135
484,0.4520155532
485,0.4389570903
486,-1.2639515179
487,-0.2902699986
488,-1.0059179203
489,-1.1881354068
490,0.5088930357
491,-0.3152171846
492,1.4230869464
493,0.8598825166
494,1.8908639968
495,1.6433288932
496,-3.6672585825
497,2.5723439801
498,1.3595184801
499,0.7701169347
500,1.9695883362
501,0.1605284609
502,-0.2728049121
503,0.6371092123
504,2.2575921326
505,-0.729832339
506,-1.2521237175
507,-0.5256054976
508,0.0074548145
509,-0.5112439767
510,0.0475320956
511,0.3093415466
512,0.8890987437
513,0.401808191
514,-0.5669801796
515,-0.014047643
516,0.4221304065
517,0.2090751188
518,0.7492241738
519,0.0818255005
520,-0.4879142326
521,-0.1125573979
522,0.1655080476
523,1.1726428323
524,0.0692055418
525,-0.3645804836
526,0.1398683165
527,0.1644076342
528,0.9904606745
529,-0.5521030202
530,0.3978935297
531,-1.1694945152
532,0.7761588043
533,-0.192987796
534,1.2834021505
535,0.9938461257
536,0.955822919
537,-0.099059977
538,-0.174478408
539,0.0136663302
540,-0.7028331443
541,-0.4837810031
542,0.1970956353
543,0.3097193827
544,-0.3028198579
545,-1.3771416582
546,0.3407038452
547,-0.3660298426
548,0.1908434626
549,-0.2467883661
550,-7.6221115647
551,7.3665315331
552,-0.0504504154
553,-0.7589007471
554,0.5837557766
555,0.37870446
556,-0.2154610996
557,-0.2023905238
558,-0.9253288182
559,-0.1875468128
560,-0.7849614566
561,-0.5292000487
562,0.189993183
563,-1.2121562592
564,0.1739115412
565,1.5006934294
566,-0.9162289824
567,0.492068535
568,1.1781825866
569,0.7169287406
570,-0.1970379902
571,-0.6009559604
572,-0.9819783282
573,0.2481513558
574,-0.2049060031
575,-0.1548493292
576,0.1762776636
577,-0.4639785033
578,-0.0078934474
579,0.0138760824
580,0.3702415351
581,0.5543341025
582,1.3533087335
583,1.6659625479
584,-0.4417663687
585,1.0952085264
586,0.1147200726
587,-0.1619356945
588,-0.21092747
589,0.0942721494
590,0.3560951688
591,-0.0807062916
592,-0.5981798312
593,0.0053664766
594,-0.3235969055
595,0.3099170565
596,0.7461321274
597,-0.1478262522
598,0.6256769362
599,-0.8870650054
600,-0.8875116375
601,-1.3030339311
602,-0.2039129193
603,-1.2227824217
604,0.0440642668
605,-0.8334204838
606,-0.6267007962
607,-0.7575077183
608,1.0424555365
609,-0.1602458797
610,-0.7356375878
611,1.3586637523
612,-1.4727462116
613,-0.899441673
614,-1.7082784706
615,0.6367764467
616,0.6895110169
617,-1.7293648022
618,-0.4172016474
619,-1.2671253404
620,0.066993277
621,1.3126594065
622,-1.0851840441
623,-0.0541476961
624,-1.2001835527
625,1.056173179
626,-0.1934295117
627,0.0925250896
628,-0.5752483587
629,-1.8654302813
630,-1.2917594743
631,-2.7129179106
632,-2.9926875783
633,1.488389232
634,-2.2252039352
635,-0.910926946
636,-0.2965571347
637,-0.8419799295
638,-0.1921094905
639,2.533653118
640,-0.3457638281
641,0.8162923974
642,-0.0113122341
643,0.9075122905
644,-0.0411062853
645,-0.1917884073
646,-0.8841528354
647,-1.1463847247
648,-2.1696580397
649,-1.9303992382
650,-0.0350644371
651,1.3102265707
652,0.8267042863
653,-0.1830725782
654,-0.1684402994
655,0.2417310378
656,0.8651505966
657,-1.4700171266
658,-1.0326432557
659,-1.1151184258
660,1.0016433771
661,-0.1174232116
662,-0.3477525445
663,0.8658285967
664,1.7250365062
665,3.3131038015
666,0.1226602078
667,-0.4861650739
668,-1.3840688321
669,-1.0622200702
670,-1.1011202622
671,0.7868385784
672,3.2869293403
673,-0.5840438032
674,-1.0384443344
675,-0.2532000424
676,1.7330061905
677,-2.3146788679
678,-1.9195924634
679,-1.5996424136
680,-3.8639139119
681,1.273496464
682,-2.6678215939
683,-0.4993033559
684,-0.1253112383
685,-3.7167967655
686,0.0414138145
687,-4.2827156864
688,2.5875519795
689,2.2949328745
690,3.6197424899
691,0.548733362
692,-0.5872249363
693,-0.7277439112
694,-0.3699962322
695,1.8250579704
696,0.7942679953
697,3.0422507932
698,-0.8384627419
699,0.9856378843
700,0.5855580805
701,-0.7084422282
702,-0.7012691674
703,-0.7473649551
704,-0.4334259487
705,0.9681868452
706,-0.4306295582
707,1.0377089668
708,0.3169417051
709,-0.0389897014
710,-0.4461487467
711,0.236840305
712,-0.4193192473
713,1.3223170056
714,1.4650510115
715,0.649510757
716,1.966186801
717,3.3329156007
718,1.9211720378
719,-1.2478238076
720,-0.2407170833
721,-0.958878381
722,1.1394527907
723,1.4808155597
724,0.4055600347
725,-0.9085376892
726,-1.2100891409
727,-1.5377906314
728,1.3476537097
729,0.1701108331
730,-0.2001201586
731,0.4179724229
732,0.0133419387
733,1.6725000469
734,-0.0568426237
735,-0.3107036506
736,-0.6134594379
737,1.09147782
738,1.5245557349
739,0.7821697895
740,-0.855600018
741,-1.6202857413
742,-0.1014825365
743,-0.0080210103
744,-0.3430424399
745,0.402223805
746,2.5462697678
747,-0.1433325195
748,0.1568063285
749,-0.6229264437
750,-0.0266912026
751,0.47403529
752,2.1024789698
753,2.2368865972
754,0.6817256551
755,-0.1405672873
756,2.1998766773
757,-0.1044607281
758,-0.9170672267
759,-0.9912061999
760,1.3868257243
761,-0.7467911319
762,-0.875232195
763,0.0993359151
764,-0.0359459043
765,2.1483566313
766,1.1403018383
767,0.7629487538
768,0.4931621155
769,0.0900019725
770,-1.8032714623
771,-0.264255365
772,1.6935252041
773,-0.5355305908
774,0.1918212612
775,-1.4210392034
776,-0.5756387422
777,0.4279128074
778,-0.207598288
779,-0.4397643782
780,-2.0344907949
781,0.0321877007
782,-0.0786449567
783,2.3757788578
784,1.8532599419
785,-0.3434537635
786,0.1415206736
787,-0.1413206756
788,1.1290001509
789,0.729119243
790,0.0506600193
791,-0.3594609542
792,0.106534646
793,-1.3193225005
794,0.1166581272
795,-0.7081972444
796,-0.547704851
797,0.4870895245
798,-1.4298360726
799,0.6984284007
800,-0.0162440078
801,0.529342379
802,1.2512033962
803,0.366963577
804,0.7433396699
805,-0.1201950528
806,-0.7222218396
807,-0.9566597607
808,-0.2188638934
809,-0.1966738605
810,-0.3065274957
811,0.2400474657
812,1.1328424068
813,0.297609326
814,-0.396742164
815,0.2693258531
816,1.7352899543
817,-0.3368602292
818,-0.341297209
819,1.4179967855
820,0.6531805885
821,-0.3969632522
822,-0.930344873
823,0.3057093877
824,-0.7597210034
825,0.5951392587
826,-0.031612845
827,-0.3568434948
828,-0.3655125242
829,-0.2629618351
830,-0.8135542235
831,-0.5923014604
832,0.6324768686
833,-0.1349288126
834,4.8163684245
835,1.0244757736
836,-0.5724907421
837,1.48037402
838,-0.7294413604
839,-0.1094849663
840,0.3626034254
841,0.0307033124
842,0.9099348267
843,0.2507792928
844,1.4455951775
845,-1.4402936703
846,-0.7042311754
847,0.5219911341
848,0.4238107221
849,0.240713575
850,0.4403313514
851,-1.7511029797
852,-1.1233592937
853,1.0641309356
854,0.5334482938
855,0.1731600459
856,0.270137497
857,0.4333679271
858,0.3402335518
859,0.1973210536
860,1.8075787879
861,-0.4949709415
862,0.5543352484
863,-0.8721202739
864,-0.3773557504
865,-1.2976263466
866,0.1329335281
867,-0.4120433738
868,0.6832283054
869,-0.1604625756
870,-0.4445811622
871,-0.8708817105
872,0.191257848
873,0.022750493
874,0.50130647
875,-0.0702828811
876,-0.1540325081
877,0.6000555407
878,0.2708008989
879,-0.258149804
880,-0.4662706487
881,-0.2943164121
882,0.6328807858
883,-0.3341448115
884,0.2960458817
885,0.5970433433
886,0.6019717447
887,0.1246008765
888,0.8791240128
889,2.1107127227
890,0.6074594718
891,1.2910911736
892,-0.8504516357
893,-0.2745427637
894,-0.1530381415
895,0.4223188844
896,-0.1499859245
897,0.4539495456
898,0.9850667587
899,1.8005473707
900,0.8318572607
901,1.7435365536
902,1.2544522969
903,0.7624850939
904,-0.0393355927
905,-0.3130095807
906,0.9662261396
907,1.5312589063
908,0.9189068683
909,0.9726854168
910,0.4677100146
911,-0.5602445907
912,-2.8498022578
913,0.7505115305
914,-0.5974465054
915,-0.4940551925
916,0.5751882478
917,-0.3022796407
918,-0.9141539533
919,-1.5144897804
920,-1.4237464304
921,1.3901188496
922,-2.0043844928
923,0.0924105786
924,0.5959794661
925,1.538625816
926,-0.5452511837
927,-1.2340416454
928,-0.599169953
929,-0.3351105381
930,1.4684909856
931,0.7797100543
932,-0.0123074754
933,0.1835186546
934,0.0937811315
935,-0.3993152446
936,1.3514706078
937,0.9989140585
938,-0.1544961629
939,0.6866597032
940,0.7803982288
941,0.187857137
942,0.7769162024
943,0.671059134
944,0.5043226823
945,-0.1057388285
946,0.9052988589
947,0.7405143365
948,2.0608137757
949,-0.6187345459
950,-0.5731094754
951,-1.1854112347
952,0.9793948505
953,0.5939876346
954,-0.3722375977
955,0.3974685391
956,-0.6497398543
957,-2.3278758039
958,-0.1920397108
959,0.4916272003
960,0.0063102913
961,-0.1277898742
962,0.5220402054
963,1.0069210571
964,1.1704680431
965,-0.283880065
966,-0.5789198532
967,-1.7324919996
968,-0.87949259
969,-1.1475509921
970,0.9504567374
971,0.4391498544
972,-0.6510493309
973,-0.9945209566
974,2.0846661104
975,0.967585718
976,1.0751813861
977,0.1436882
978,1.1261898514
979,-0.09015908
980,0.0743389164
981,-1.2378381441
982,-0.0087517141
983,0.7562071338
984,0.3096326502
985,1.8829968691
986,0.8259149247
987,0.4279286812
988,1.5038948523
989,0.4175641869
990,-1.5746222123
991,-1.7278919994
992,1.5672427002
993,1.3359452121
994,1.0862481035
995,-0.6633132903
996,-0.2484615492
997,0.4197320233
998,0.6643989426
999,1.4158940739
1000,-0.8710861772
1001,0.0194976454
1002,1.5094696043
1003,-0.1937646897
1004,0.7476393953
1005,1.4455566477
1006,-0.443696374
1007,-0.1038099687
1008,-0.734200771
1009,1.2977318065
1010,1.6568557801
1011,0.0322613106
1012,1.0289361806
1013,1.6546363111
1014,-2.1015002401
1015,1.2858905388
1016,-0.5675000087
1017,0.580412283
1018,-1.9911955566
1019,1.2820574308
1020,-0.200072986
1021,-0.5751135693
1022,-0.9969160611
1023,-0.540875836
1024,0.3575898844
1025,-0.1540783585
1026,0.3714202309
1027,-1.0985215731
1028,-2.0920667865
1029,0.4234945305
1030,0.8730390771
1031,-1.7754635889
1032,-0.1539035885
1033,0.9572588283
1034,-2.2154131193
1035,-2.4275123496
1036,1.6089742594
1037,1.7404801708
1038,1.8665860051
1039,-0.8167756047
1040,-0.7371194084
1041,-0.2176123661
1042,-0.7052423875
1043,1.8332434975
1044,1.3642980028
1045,-1.0496400445
1046,-0.0969563518
1047,-0.9329167743
1048,-1.0377752921
1049,0.0891903969
1050,0.335441571
1051,-1.5558685504
1052,-0.4071771643
1053,-0.4792206198
1054,-1.1300144493
1055,-1.7780235514
1056,-3.2705131817
1057,3.2112773581
1058,1.0831873928
1059,0.1198348729
1060,0.8821764049
1061,0.8722653623
1062,0.0582547728
1063,-1.2266440675
1064,-1.3216651979
1065,-1.0970353132
1066,-2.8468918781
1067,0.9714991241
1068,-1.458864183
1069,0.5835881339
1070,2.8329001864
1071,0.0008538606
1072,1.1029879786
1073,1.0609284043
1074,-0.8690301229
1075,0.4694245945
1076,-2.5202156119
1077,-1.9921150824
1078,1.8468030685
1079,0.6226396592
1080,-1.4391780294
1081,2.340551072
1082,0.1357698221
1083,1.8901714855
1084,0.6316924932
1085,1.4764845937
1086,0.0991149073
1087,0.5443532098
1088,-0.5392364871
1089,1.0365732638
1090,-0.3896962351
1091,-0.4978444157
1092,-2.0609200019
1093,0.6031215946
1094,-0.4787886136
1095,0.0275477806
1096,-1.3846384253
1097,-2.0748393127
1098,1.0637478615
1099,0.8937683147
1100,0.0587560179
1101,-1.238974585
1102,0.5251141987
1103,-0.5226864766
1104,0.8598536286
1105,-1.595698728
1106,0.4468251906
1107,-1.6125449303
1108,-2.0543909833
1109,-1.0090962962
1110,-1.7693137823
1111,-2.2051640927
1112,1.5414680543
1113,1.517437294
1114,-2.3002052575
1115,-0.460625574
1116,1.7213778468
1117,0.30719821
1118,-1.17729958
1119,-0.5714369401
1120,0.6520348914
1121,-2.0792007065
1122,-1.3594433298
1123,-0.0048134823
1124,0.8022172756
1125,0.9315014358
1126,1.1405458593
1127,1.0620160306
1128,0.5684872875
1129,-0.0503424676
1130,0.924474535
1131,0.2852491803
1132,-0.5988149008
1133,0.0369329199
1134,1.0326298367
1135,1.9942679191
1136,-0.5298487684
1137,-0.6711241921
1138,1.5178911309
1139,1.8934945939
1140,0.5259706605
1141,-0.3337450651
1142,-0.0410812056
1143,0.6195933416
1144,0.4319648474
1145,-0.8863931328
1146,0.0514564
1147,-0.9310188088
1148,-1.9160125575
1149,-0.6820522375
1150,-0.5644032884
1151,-0.8536251949
1152,-0.3889300206
1153,-0.9667502057
1154,0.5543973162
1155,0.6486047107
1156,0.6851791752
1157,0.9932607267
1158,1.3180895244
1159,-0.4324846439
1160,-0.451900867
1161,-1.8052299769
1162,-1.1328412578
1163,-1.5473934605
1164,-1.7024369976
1165,1.3150664067
1166,2.707432475
1167,-2.3835221994
1168,1.332041651
1169,-0.576400271
1170,1.577987613
1171,-1.243236137
1172,-0.2659542594
1173,-1.369762788
1174,-0.7378373089
1175,-0.0589002038
1176,1.6814251399
1177,-0.5654842331
1178,0.0028445386
1179,1.8631582152
1180,-1.3181478459
1181,-0.4892603704
1182,-0.8672419843
1183,0.5140620672
1184,-2.06016316
1185,0.1696665852
1186,0.5674329168
1187,1.1633371153
1188,0.4456440665
1189,2.9757794252
1190,-0.6371689509
1191,-0.1281246454
1192,-1.6467220161
1193,-0.0363830293
1194,-0.1270155593
1195,-1.0988738843
1196,0.185446716
1197,-1.4912430848
1198,-0.2126967643
1199,0.9569674791
1200,1.7741848832
1201,0.2482770351
1202,-1.2165220289
1203,0.9443443243
1204,0.5474934785
1205,-0.941948745
1206,-0.2089491873
1207,2.0905435156
1208,-0.0934252676
1209,0.935836983
1210,1.4327226817
1211,-0.8480998778
1212,-0.173303591
1213,0.435174963
1214,0.6708999496
1215,-0.6776074761
1216,-0.9981019029
1217,0.6891083231
1218,0.6184524737
1219,0.0655343475
1220,-1.087211
1221,0.7531383947
1222,-0.4387279341
1223,0.546951086
1224,0.9931613135
1225,-0.1323828704
1226,-0.7520884378
1227,-0.6667025404
1228,-0.160179689
1229,-0.150578942
1230,-0.7256623006
1231,0.3835331874
1232,-0.6208217316
1233,-1.1394802588
1234,-0.6259832711
1235,-0.152467709
1236,0.6494568649
1237,-3.174046787
1238,-0.4183922451
1239,-1.2698980036
1240,1.699579351
1241,0.1476460407
1242,0.5859790118
1243,-0.1006198494
1244,-1.9393171105
1245,-1.4233848923
1246,-0.5263621206
1247,-1.0071261702
1248,0.1815557216
1249,1.4042823551
1250,1.2314288089
1251,-0.1736213533
1252,0.1587590023
1253,0.3903479495
1254,-0.975725803
1255,-1.9975061859
1256,0.8440780842
1257,0.6763890304
1258,1.1685212736
1259,0.1777417524
1260,-0.3456835641
1261,0.0628562635
1262,1.0519521748
1263,0.3411168826
1264,1.6012830667
1265,0.7040438634
1266,-0.3753688317
1267,-0.5486634734
1268,0.6393664573
1269,0.2276802267
1270,-0.9032224184
1271,0.8698336189
1272,-0.2859616495
1273,-1.0767914358
1274,-0.5762717563
1275,-1.1036392655
1276,0.0710010347
1277,-0.4054494449
1278,0.8862091087
1279,-0.686113897
1280,-1.2931329678
1281,0.414406769
1282,0.4330540802
1283,1.7862718653
1284,-1.1526700547
1285,-0.0611977065
1286,-2.5618782263
1287,-2.059379976
1288,-1.5009598193
1289,0.7871752643
1290,-0.2858445525
1291,1.2497719718
1292,-1.2028239349
1293,1.0781825281
1294,-0.9676018891
1295,0.2654565599
1296,-0.2934245247
1297,-0.8070036107
1298,0.7081705431
1299,0.9076911843
1300,-0.4640179013
1301,-0.4996590285
1302,2.1816696939
1303,-0.5022925107
1304,0.0539046387
1305,1.7795593337
1306,0.802222672
1307,-0.6539908531
1308,0.5953775965
1309,0.303971452
1310,-0.3557194729
1311,0.1756357731
1312,0.800046246
1313,-0.7887255519
1314,-0.6302729991
1315,-0.1540599986
1316,0.5843669283
1317,0.1137897461
1318,0.1512550927
1319,0.4656061095
1320,1.6047458728
1321,0.5208339534
1322,2.2413470855
1323,1.0139086719
1324,-0.0611037624
1325,1.9033463824
1326,0.6119430852
1327,0.5626895981
1328,-0.2389012782
1329,-1.2673487484
1330,-0.2160152786
1331,-0.1134997085
1332,-0.1485849511
1333,-0.4082837263
1334,1.733672098
1335,0.8987756736
1336,0.5725466665
1337,-1.8813880637
1338,-0.7065968296
1339,-0.6363676414
1340,0.4495088189
1341,0.0573662045
1342,0.8284690439
1343,0.2191563497
1344,0.2686756336
1345,-0.2327958511
1346,-0.3513185506
1347,0.449198057
1348,-0.6702155839
1349,-0.8794983115
1350,0.654565518
1351,0.0686628678
1352,-0.2063374292
1353,-0.2272122572
1354,0.3797362992
1355,-0.3773415211
1356,-0.1852084675
1357,0.5957714997
1358,0.7232777246
1359,0.0429102527
1360,-0.0453620588
1361,-0.7892311626
1362,-0.3339061357
1363,-0.1383951225
1364,0.017724382
1365,0.6450926039
1366,0.1614072743
1367,-0.4045716963
1368,2.615670747
1369,0.7949378347
1370,0.982591535
1371,-0.2437674468
1372,-0.6870742121
1373,-0.441255857
1374,0.7690569055
1375,-1.026015499
1376,-0.2550116006
1377,-1.0009584068
1378,0.3799064299
1379,1.1810133718
1380,0.5508558025
1381,0.4162323851
1382,0.4364363208
1383,-0.5562635992
1384,0.4224494305
1385,0.482290236
1386,2.1170485894
1387,-0.222478833
1388,0.5967510542
1389,0.2452628634
1390,-0.3396665175
1391,-0.339670659
1392,0.6385414816
1393,0.8496941404
1394,-0.3734115978
1395,0.8316775374
1396,-0.4457119606
1397,0.0709025413
1398,0.0202127445
1399,-0.5784789652
1400,-0.0312055691
1401,0.5972217116
1402,0.0865032249
1403,-0.6420766934
1404,-0.5686573248
1405,-0.0569386886
1406,-1.1421434896
1407,0.620189243
1408,0.0579102725
1409,-0.0159226422
1410,0.7101611961
1411,-0.2198088676
1412,0.502521643
1413,0.6791287994
1414,0.3657318041
1415,0.4350025277
1416,-0.1072938741
1417,-0.4678110436
1418,-0.7119270187
1419,0.5005501072
1420,-0.1901472896
1421,-0.3076123064
1422,-2.0853683734
1423,-1.186507859
1424,0.560459586
1425,-1.1946511768
1426,-0.5263181215
1427,0.9971748174
1428,-0.4548540443
1429,-0.687207127
1430,0.0670775716
1431,-0.6211332647
1432,-1.3271971916
1433,-1.4601228119
1434,0.5229201298
1435,0.8262795076
1436,1.9332817829
1437,-0.495990094
1438,-0.3568108029
1439,0.6517466201
1440,-0.4470872316
1441,-1.4825774764
1442,-2.2919753934
1443,0.3709483669
1444,1.7175660287
1445,-0.7521448963
1446,-0.5164944288
1447,1.1614686927
1448,0.7733697172
1449,0.306355546
1450,-0.2850263682
1451,-0.2535323111
1452,1.1049866905
1453,0.3251841106
1454,-0.535478634
1455,0.2082604656
1456,0.6035051823
1457,-0.1798223008
1458,1.347460074
1459,-0.4512389387
1460,1.0492246099
1461,0.3398003658
1462,1.7356440745
1463,0.345337903
1464,1.2576721983
1465,0.1168015732
1466,-0.6524684744
1467,0.3749081714
1468,0.1583730172
1469,0.9520741227
1470,-0.3572605733
1471,0.2237582733
1472,-0.2935871744
1473,0.4809342299
1474,0.0310223379
1475,-0.3786718145
1476,0.6031596902
1477,0.6414843978
1478,-0.3002804811
1479,-1.0491737696
1480,2.0546662029
1481,0.6174947654
1482,0.2779193541
1483,-0.0013907509
1484,-2.6526153635
1485,1.7484747769
1486,0.8765689901
1487,1.5038201694
1488,0.8780585978
1489,0.0134753729
1490,-0.6640257531
1491,0.0822740829
1492,-0.1847416061
1493,-0.9217453697
1494,-0.1209306531
1495,0.7676973753
1496,0.0206627775
1497,0.6388215973
1498,0.3961177024
1499,0.4593476448
1500,0.1801760466
1501,-0.2303752257
1502,-0.6079991148
1503,0.6753528037
1504,0.4600716614
1505,-0.8619428996
1506,-1.1306663321
1507,0.7744722417
1508,0.7391016149
1509,0.43969616
1510,-0.6275819739
1511,-1.2502071419
1512,0.3751814835
1513,0.0901275299
1514,-1.0135515203
1515,0.6969262771
1516,0.1508516711
1517,1.0960169207
1518,-0.067531901
1519,1.5192671591
1520,0.2672772643
1521,-0.3753605866
1522,-0.0478408392
1523,1.5152415423
1524,0.682783872
1525,-0.0393353197
1526,-0.3788359838
1527,0.2789080086
1528,1.3391846954
1529,0.1439908455
1530,0.0676956125
1531,-5.2156968012
1532,-1.6424917396
1533,1.8604638417
1534,0.9253376333
1535,0.1893403151
1536,-1.5636625655
1537,-0.2468117675
1538,-0.1537402653
1539,0.3225812643
1540,-0.3982849666
1541,0.8635621141
1542,1.7503276311
1543,0.7243373784
1544,-0.4876699415
1545,1.3406507151
1546,-0.4872048213
1547,0.4121590594
1548,-0.2401275882
1549,0.7030772938
1550,0.1436315073
1551,0.4465645193
1552,0.3833034852
1553,-1.1333150547
1554,0.9239787617
1555,0.6379022533
1556,-0.5699305041
1557,0.7560428842
1558,0.8034522094
1559,0.1169768205
1560,0.2526164932
1561,0.514121624
1562,1.3531927163
1563,0.7881639509
1564,-0.2901432044
1565,0.2964074448
1566,0.6259636456
1567,0.6169258847
1568,-0.2222395462
1569,-0.7113185439
1570,-0.541266398
1571,0.0509588176
1572,-0.6483003501
1573,-0.8046630782
1574,0.2757157243
1575,1.065493472
1576,0.1227239987
1577,0.1501312928
1578,-0.0336725024
1579,0.9922329088
1580,0.8644417132
1581,0.2823545161
1582,-0.6500429037
1583,0.2296666043
1584,-0.0026080247
1585,0.3187655814
1586,0.3893120468
1587,-0.2786354853
1588,-0.703435225
1589,-0.3480436303
1590,-0.5586603457
1591,0.6811138338
1592,0.2099002559
1593,1.047231968
1594,-0.7655407896
1595,0.8880258108
1596,1.2268570493
1597,0.7378195849
1598,-0.3193310788
1599,-0.114542896
1600,-0.3097161158
1601,0.3816895371
1602,-0.2804428078
1603,-0.3951768561
1604,0.7115781975
1605,0.5410997138
1606,0.1172830544
1607,-0.2691045042
1608,-0.5836391815
1609,0.732358332
1610,0.3331890129
1611,-0.5235918191
1612,-0.63905868
1613,0.4961318184
1614,-1.3415267907
1615,0.0078494316
1616,0.404970932
1617,-0.774571364
1618,-0.6274491469
1619,-0.8797525641
1620,-1.4069097624
1621,-1.7575854923
1622,0.413276045
1623,0.8775978143
1624,0.447097684
1625,-1.4687810869
1626,0.8599554765
1627,-1.3263163672
1628,0.8638013559
1629,-1.1605934734
1630,-0.7209577198
1631,-0.083074336
1632,1.193932369
1633,1.5236188188
1634,1.9858701109
1635,0.2412721783
1636,-0.7057949787
1637,-0.6978815068
1638,-0.0567010538
1639,-0.9719808184
1640,-0.2887945334
1641,0.2923828822
1642,-0.1223301458
1643,0.6545486125
1644,-0.9817525364
1645,0.2485303069
1646,-0.6078765008
1647,1.5601002729
1648,0.241365588
1649,-0.7115617431
1650,0.854760238
1651,0.2191109142
1652,-0.9371995097
1653,-0.5118578501
1654,0.2009664414
1655,-0.7328468106
1656,-0.943538883
1657,-0.3250164352
1658,0.2463928654
1659,0.6260188901
1660,0.3969547133
1661,-0.0592041183
1662,0.7272649396
1663,1.2125134391
1664,0.5471530571
1665,-0.4405582384
1666,-0.3366921035
1667,0.3044101225
1668,0.2792528299
1669,0.1070351885
1670,0.9209112958
1671,1.0182581865
1672,0.8637713003
1673,-0.4475379561
1674,0.488902789
1675,0.5726654827
1676,0.5349462762
1677,-0.4347847504
1678,0.5287626664
1679,0.1160645411
1680,0.1360042462
1681,-0.4507719577
1682,-0.2419514003
1683,-0.1037955082
1684,0.5420834481
1685,1.4601383189
1686,-0.7598863916
1687,0.6238971536
1688,1.2747729103
1689,0.5766632373
1690,0.0181444162
1691,-0.4228678412
1692,0.498505075
1693,-0.220979599
1694,-0.3022585996
1695,-0.7172029575
1696,-0.9974907065
1697,-0.0470742514
1698,0.2298813304
1699,0.6817390777
1700,1.5633292842
1701,0.4465095616
1702,0.2792431054
1703,-0.565013943
1704,0.6609552639
1705,0.4426371174
1706,0.5148260598
1707,-0.0670652763
1708,-0.1382661078
1709,0.516585829
1710,0.1344198732
1711,-0.0297324051
1712,0.7264202393
1713,0.8909495539
1714,0.2697947364
1715,-0.6669099647
1716,1.0988771287
1717,1.1064147348
1718,0.3363196333
1719,1.5731967918
1720,-0.6863186353
1721,-0.2220582629
1722,-0.2106200177
1723,1.0431160661
1724,-1.5858625901
1725,-0.2978141127
1726,-0.2761629824
1727,2.1372086841
1728,-0.3604246443
1729,1.738555523
1730,1.9372724408
1731,1.179480186
1732,0.5993764786
1733,2.1062415322
1734,0.1031545401
1735,0.7427160392
1736,0.1908443131
1737,-2.6425953659
1738,2.4427436799
1739,0.3971675716
1740,1.161247295
1741,0.1901880082
1742,0.5209181622
1743,1.7696279348
1744,-0.0293238463
1745,-0.4270818988
1746,1.0791401525
1747,1.5863035588
1748,0.3692750979
1749,0.4726441606
1750,-0.9663868596
1751,-0.2257165656
1752,-2.3126611446
1753,-1.3300658261
1754,1.9027954333
1755,-1.3791873791
1756,-0.441691816
1757,1.2485439815
1758,-0.5306385993
1759,0.0672555121
1760,1.5359841527
1761,0.6787293555
1762,0.6326333117
1763,-0.045327041
1764,-0.515648506
1765,0.298382046
1766,0.6709434253
1767,0.5013239843
1768,0.1794804815
1769,-0.0724293433
1770,-0.4310682787
1771,-0.8508591747
1772,-1.0469496686
1773,-1.5127157501
1774,0.7059642818
1775,-0.4229636954
1776,0.8691111557
1777,-0.9723114882
1778,-0.5933540226
1779,1.1894122506
1780,-0.3297492168
1781,1.5720782655
1782,1.8590328261
1783,2.1369905263
1784,-0.3138487589
1785,-1.1699107349
1786,0.525540301
1787,0.0251392461
1788,-1.9651476621
1789,-0.8025565882
1790,0.3183897206
1791,-1.4101747959
1792,0.0418217317
1793,-0.1567545394
1794,1.6723307083
1795,1.5062603587
1796,-1.7461684159
1797,-1.8018841964
1798,-0.3026834313
1799,-0.5747012295
1800,1.0642051153
1801,2.3433266443
1802,0.3966329518
1803,0.8107219704
1804,-0.7047568281
1805,-0.8552569419
1806,0.2060502609
1807,2.4445131996
1808,0.039021593
1809,0.7385695776
1810,-0.0206612861
1811,0.7605219519
1812,1.0419415663
1813,1.2605603072
1814,-0.5096260406
1815,-0.6946096196
1816,0.431205276
1817,1.4047865261
1818,1.2185476303
1819,2.548497361
1820,-0.2769054371
1821,-0.0096150979
1822,0.3695704119
1823,1.0415658622
1824,2.5403086432
1825,0.6445438073
1826,-0.3143749688
1827,-0.8008779265
1828,-0.4027896161
1829,1.1426006429
1830,2.3676702972
1831,-0.7258412618
1832,0.4703202215
1833,2.3306940698
1834,1.4164339152
1835,-2.2951437693
1836,-1.5755189549
1837,-1.8485803274
1838,-0.0433273784
1839,1.6944696627
1840,0.1029042275
1841,1.606505562
1842,1.5619242585
1843,-1.5823170633
1844,0.0463650561
1845,0.78548714
1846,1.6368404637
1847,0.1822405668
1848,-0.8687826285
1849,-1.2582936035
1850,1.1597088315
1851,0.8318859418
1852,1.3056836368
1853,0.5919811895
1854,-0.0715988415
1855,1.7079442796
1856,0.308726296
1857,0.0707582277
1858,-0.7905400047
1859,0.4550986625
1860,2.5891100709
1861,1.1199230967
1862,-0.001504098
1863,0.42149406
1864,-0.9083083648
1865,0.3587061546
1866,-0.9707137311
1867,0.2446787331
1868,0.7999892905
1869,-1.4687486698
1870,1.0193733891
1871,-1.4202388744
1872,-2.6809456086
1873,-1.1377378757
1874,2.8803535674
1875,-0.0620165171
1876,-2.9147467143
1877,0.911836815
1878,-1.7690789409
1879,2.5568871352
1880,-0.8361037815
1881,-1.1806112208
1882,-1.5545964906
1883,0.5822808261
1884,2.5609002433
1885,0.4244091027
1886,-1.1807767076
1887,-0.013266909
1888,0.5270030381
1889,-1.3857919283
1890,-0.2217572031
1891,-2.3307833472
1892,1.8607920439
1893,1.5766765302
1894,-0.9304591197
1895,-1.277835604
1896,0.6637942532
1897,-1.0997502852
1898,-0.3329494994
1899,-0.3391234106
1900,0
1901,0.6463430627
1902,1.5649182702
1903,-0.1508328481
1904,0.0317895797
1905,0.9720347895
1906,0.5422088966
1907,-0.7421812499
1908,-0.7518928699
1909,-0.3499678877
1910,1.6045423377
1911,1.4942979315
1912,0.0646914908
1913,1.1799362327
1914,0.144734539
1915,2.0260149849
1916,-0.1978318154
1917,1.3489128823
1918,-1.0174593206
1919,1.1293577368
1920,0.1883355552
1921,0.6958576161
1922,0.8552104587
1923,-1.1056953754
1924,-0.1618081897
1925,-2.0641519129
1926,0.4409065824
1927,-1.8893833621
1928,-3.0678064588
1929,0.7993057403
1930,0.5414513772
1931,-0.4737148517
1932,-1.1092327478
1933,0.1657877063
1934,-1.5054818931
1935,0.2189287016
1936,2.6263987719
1937,-0.4013491955
1938,-2.4855191626
1939,-0.7850553498
1940,-4.4042633255
1941,-4.1809910086
1942,5.6556776427
1943,1.1159433066
1944,-1.2838799772
1945,1.0176215911
1946,0.0879923509
1947,0.993844361
1948,-0.5194286802
1949,-2.5263714757
1950,-0.6260182477
1951,-0.9068166413
1952,-1.1235966521
1953,1.4327322186
1954,0.9622689824
1955,3.3843457094
1956,0.3773992039
1957,0.3165162788
1958,3.1815791026
1959,0.876204609
1960,-2.2773684782
1961,1.0646838461
1962,1.7071272316
1963,0.9225024188
1964,0.1806533213
1965,2.9409500341
1966,0.0081220883
1967,-0.6173654208
1968,1.3468592274
1969,0.1252219609
1970,0.8890060948
1971,-1.4116444681
1972,-2.1694663455
1973,0.8066276625
1974,0.9052689939
1975,1.7873169956
1976,-0.1031523209
1977,-0.264948769
1978,-2.471385772
1979,0.2394381444
1980,0.1071683092
1981,-0.288508056
1982,3.2294815932
1983,0.7920071169
1984,-1.0859860017
1985,2.7828539917
1986,1.8035080937
1987,-0.5638020557
1988,-0.8843266808
1989,-0.360606462
1990,-0.8681148193
1991,1.3756831887
1992,0.7797487051
1993,0.3660574956
1994,1.9216835863
1995,0.110338825
1996,0.9662918709
1997,0.0640314256
1998,0.3474160246
1999,-1.1508550129
2000,1.3541962428
2001,0.8989312396
2002,0.3663002309
2003,-0.1666888493
2004,0.2344870335
2005,1.7305079285
2006,0.0917315283
2007,0.7689083812
2008,-0.6931156716
2009,0.8956052779
2010,-1.6375177515
2011,0.4516016817
2012,0.8762411847
2013,-1.1414036019
2014,0.6294554532
2015,0.3878456533
2016,1.7053772255
2017,0.4942040281
2018,0.4006123562
2019,1.8996331176
2020,-0.0649338587
2021,1.5290426193
2022,1.3128585027
2023,0.3241622518
2024,1.3306402835
2025,2.387374428
2026,0.2144402178
2027,-2.2139424306
2028,0.3175984909
2029,3.0032511774
2030,0.4572649469
2031,-0.0836599682
2032,0.0035322448
2033,0.9263959966
2034,1.0975369223
2035,-0.0179388675
2036,0.7662180284
2037,-0.191154384
2038,3.0948176943
2039,1.4646789005
2040,1.5422078002
2041,2.0715339366
2042,-1.2811799959
2043,0.7068867086
2044,-0.1679135766
2045,-0.1623322517
2046,1.4026433026
2047,0.6047306262
2048,1.5112529852
2049,2.2871814899
2050,-1.1475898221
2051,-1.4527482279
2052,-0.2382656949
2053,-1.6175867422
2054,-0.1547353961
2055,0.8388790515
2056,0.6963851014
2057,-0.508464234
2058,-1.3193529222
2059,-3.1597709113
2060,-0.7856316996
2061,-3.4252914883
2062,3.7111654328
2063,-2.2819065255
2064,3.5916273127
2065,2.3360614739
2066,-2.5176193952
2067,-0.3849130413
2068,-2.227273899
2069,0.2187093103
2070,2.3682215131
2071,-1.5439377007
2072,-0.7215759977
2073,0.8864967453
2074,-0.1826799762
2075,-0.4238764227
2076,1.6742792778
2077,1.4177864943
2078,-0.1128513431
2079,0.6412749496
2080,2.3430016901
2081,-0.1308805563
2082,-2.9341004809
2083,-0.1349747326
2084,-0.5387550999
2085,0.7375674932
2086,0.3640974704
2087,-0.1720051526
2088,1.6516403263
2089,0.1432081304
2090,-2.2256236257
2091,0.6904675968
2092,-1.6520094023
2093,-2.0655982306
2094,-1.5879797885
2095,0.9547880952
2096,2.229298496
2097,-1.4120343383
2098,0.0481628099
2099,-0.4433865416
2100,1.5541186847
2101,0.2846160458
2102,2.3682941096
2103,-0.2623859685
2104,1.3175257039
2105,-0.9401608844
2106,1.9307472679
2107,0.5027799396
2108,1.4296257011
2109,0.9409100521
2110,0.0066070133
2111,0.7244019695
2112,-0.7891827936
2113,0.0131673815
2114,0.8686756919
2115,0.5834745205
2116,-0.2399938031
2117,-0.5740471787
2118,2.3215618211
2119,-0.5414359823
2120,-1.2374584668
2121,-1.83672771
2122,0.5123143909
2123,-0.5247449759
2124,-1.8798861294
2125,-0.1988244718
2126,0.6789120483
2127,1.5225396943
2128,-0.710615171
2129,-0.7880752103
2130,0.8097279161
2131,-1.9627830124
2132,-1.6920829005
2133,1.0163291759
2134,-1.743992345
2135,-3.2978605853
2136,1.839552568
2137,-0.4005000102
2138,0.7291220934
2139,-0.0887121625
2140,2.0402108319
2141,0.9136978977
2142,-2.0293620332
2143,-5.81102634
2144,-1.639556932
2145,2.0566026179
2146,-3.5977016956
2147,-5.8497418965
2148,-2.2924820479
2149,-1.4159533257
2150,-0.3085175784
2151,3.756444427
2152,-1.9687064121
2153,-0.5143370671
2154,1.3877654001
2155,3.041507194
2156,-2.3558768321
2157,-7.0653430731
2158,-2.4797447297
2159,2.4908992064
2160,-0.8468280784
2161,2.5673241975
2162,-4.5194299954
2163,-0.5527034136
2164,-5.4701408761
2165,4.2446413425
2166,6.5274450761
2167,-1.5421813394
2168,1.0729839517
2169,1.1669719662
2170,0.0471244687
2171,-4.8300864688
2172,-7.0761244827
2173,0.3308234197
2174,-0.1550964391
2175,5.8929663874
2176,-2.1356182815
2177,-2.8371387838
2178,2.5850698559
2179,4.534474517
2180,3.1130481171
2181,1.3097076769
2182,4.9005545904
2183,0.2045914932
2184,2.1457494592
2185,-1.8591741219
2186,-2.8174575115
2187,1.8899468914
2188,0.6837284292
2189,2.9417497181
2190,-2.092537479
2191,0.0785081057
2192,3.0312301983
2193,2.448885831
2194,-0.8030872172
2195,2.1033259975
2196,-0.242023
2197,1.0428806779
2198,-1.1864193499
2199,-1.7658096946
2200,0.0715837453
2201,0.5794255857
2202,-1.6725305653
2203,2.4281806123
2204,-0.8005141164
2205,-0.1324467463
2206,2.9891684995
2207,2.0702199955
2208,0.1059920889
2209,0.3950662486
2210,0.3776565923
2211,2.5643617807
2212,1.2122324998
2213,-2.3468029007
2214,-3.1693454849
2215,-1.1702897839
2216,1.0747215148
2217,0.5605732617
2218,0.7696024468
2219,1.5040948321
2220,-1.3369875883
2221,-2.4492910818
2222,0.2630825189
2223,0.1220215526
2224,0.9750143296
2225,-0.4229628932
2226,0.3142878572
2227,2.6817950519
2228,0.8039629153
2229,1.930768284
2230,0.879745659
2231,-0.1295856321
2232,-1.0472548157
2233,6.2135616976
2234,1.9420297089
2235,-1.9463488961
2236,-0.2978200106
2237,-1.5721717313
2238,-2.3232308987
2239,-6.8807628084
2240,-0.18774443
2241,3.1394483045
2242,4.9518893234
2243,-0.9908936262
2244,1.1873540976
2245,-1.677899442
2246,-3.1126601416
2247,0.5576526004
2248,-0.7863037158
2249,0.2075409252
2250,2.3174795455
2251,0.4739688124
2252,1.208632792
2253,-0.5461041475
2254,0.0060595668
2255,-0.8929806873
2256,-0.4677696996
2257,-1.6362020862
2258,-1.5421684991
2259,1.6494755706
2260,0.3500240988
2261,0.504601699
2262,1.660268485
2263,-1.0282060065
2264,-0.014250863
2265,-0.400067776
2266,0.8423171186
2267,1.0598702025
2268,1.8963682531
2269,0.8960190945
2270,-1.6871170185
2271,-0.545148081
2272,-1.5844218107
2273,-0.161607379
2274,-1.1747877694
2275,1.3051547072
2276,1.7357634173
2277,-1.4352490322
2278,0.5465297456
2279,0.2501263879
2280,2.530175132
2281,-0.9507961757
2282,0.2605211158
2283,0.9178973483
2284,-0.9281449893
2285,-0.7846392753
2286,0.338645738
2287,-1.1772997256
2288,-2.2772258968
2289,-0.079201878
2290,1.5184355628
2291,-2.1199112531
2292,0.9213905279
2293,-0.7293388715
2294,0.6582434939
2295,2.7780300884
2296,0.1638285328
2297,0.7269607719
2298,0.0128782577
2299,-0.6206772279
2300,0.8128195907
2301,-0.3991721103
2302,-0.7975911642
2303,-2.22699197
2304,0.7609301558
2305,-1.9255282019
2306,1.1291310972
2307,0.2425640186
2308,1.0903724034
2309,0.0565624304
2310,1.6422417642
2311,-0.5908794376
2312,-0.0279787135
2313,-0.1718615794
2314,1.0049784119
2315,-0.7095629035
2316,-0.0708600342
2317,0.608277561
2318,0.814018365
2319,0.1743099318
2320,-0.055026258
2321,0.1730746751
2322,0.8866509696
2323,-1.0491558225
2324,-1.9779345617
2325,0.1876772304
2326,1.8988619426
2327,-0.2280443377
2328,0.6157196044
2329,-0.4239574744
2330,-0.28908758
2331,-0.4269776618
2332,-1.0576453004
2333,0.3973536862
2334,0.4157102835
2335,-0.1528693668
2336,0.0685940587
2337,1.5669946393
2338,0.2269744686
2339,0.3465396981
2340,-0.568105013
2341,0.2054432722
2342,-1.4312454814
2343,0.9815632022
2344,-0.9347520323
2345,0.7891108447
2346,0.1090367021
2347,0.0412251438
2348,1.3977438583
2349,0.4372354484
2350,0.0481664352
2351,-0.0673967844
2352,-0.4537134483
2353,-0.4190289415
2354,0.0077724131
2355,0.0825956362
2356,-0.7864477451
2357,1.4865088802
2358,0.3066465575
2359,1.4737105561
2360,-0.7692524749
2361,-0.5117386724
2362,-1.0507643264
2363,0.2123731612
2364,-0.206129798
2365,-1.8706580099
2366,-1.0841011494
2367,1.2518338658
2368,-0.1519489142
2369,0.7085559523
2370,-1.30508586
2371,-0.5776611786
2372,-1.0370227138
2373,-1.2580714111
2374,-0.8872571761
2375,-1.0480231691
2376,-0.1241771202
2377,-2.9138629329
2378,1.0686006653
2379,0.0873009552
2380,0.3627683467
2381,0.0211994653
2382,-2.5614144498
2383,-0.5851302919
2384,2.1333157836
2385,-1.1300705656
2386,1.4105890724
2387,0.5074569251
2388,1.6347941443
2389,-0.9119737445
2390,1.467095889
2391,-0.4431227896
2392,-0.0167234625
2393,1.7660644295
2394,-0.0852284778
2395,1.3535477422
2396,0.8081790537
2397,-0.0955599777
2398,1.2736736679
2399,-0.5189711414
2400,-1.9997659654
2401,0.7678973725
2402,-1.896496278
2403,2.5696266698
2404,0.3248562573
2405,-1.0445715584
2406,0.2066558641
2407,1.3789517976
2408,-0.0139648048
2409,-1.0731415791
2410,-1.4094143027
2411,-0.5174307196
2412,-0.8521207305
2413,0.8553033821
2414,-0.0555127415
2415,-1.0387954296
2416,0.3450518197
2417,0.6773732846
2418,-1.0565428499
2419,0.9368103345
2420,-0.699431544
2421,-0.9066524246
2422,-0.2836912785
2423,-0.4472314463
2424,1.2464693735
2425,0.5759796343
2426,-0.3272434578
2427,1.0005486169
2428,0.5133256931
2429,0.381743782
2430,-2.1991822253
2431,-0.4545176896
2432,-1.8033510485
2433,-0.9161046939
2434,1.3195913002
2435,-0.0828688989
2436,-1.4395617471
2437,1.2858427305
2438,-0.9329731643
2439,1.5212109804
2440,-0.2552032645
2441,2.0288305314
2442,1.3652039788
2443,1.0922382654
2444,0.9037459405
2445,1.7762078018
2446,1.1657742155
2447,1.0311495315
2448,-0.7420110359
2449,0.918121645
2450,1.3791353098
2451,-0.2591117524
2452,0.821402275
2453,0.6043994574
2454,0.1902143652
2455,0.8082782436
2456,0.625584864
2457,-1.6621920747
2458,0.6736640031
2459,0.3285003156
2460,2.0988414013
2461,0.2384571219
2462,-0.7182358161
2463,0.6022456679
2464,1.1516613264
2465,0.7424898833
2466,1.2841903143
2467,2.1184757681
2468,0.0909122425
2469,-1.0864924492
2470,0.2737312929
2471,0.1247170274
2472,-0.9372706948
2473,0.4801020829
2474,1.6277096232
2475,0.5166579296
2476,-0.8592388315
2477,0.1097417697
2478,0.8726391556
2479,-0.60667274
2480,-0.8445516352
2481,0.5539416494
2482,0.5180720636
2483,-0.2697303552
2484,-3.4745942345
2485,-2.9348725352
2486,2.065695793
2487,0.6385953629
2488,-1.4400348767
2489,-1.458361304
2490,0.7381318065
2491,2.3060913507
2492,0.9084371368
2493,-1.9431825714
2494,0.491586091
2495,-0.6573379792
2496,-0.7087494791
2497,-0.1303620554
2498,-0.8352350525
2499,1.5455460084
2500,1.5881865633
2501,-1.7605679828
2502,-1.5823004042
2503,1.245031384
2504,2.0565142149
2505,3.112830149
2506,0.311847621
2507,-0.6329807788
2508,2.8504884552
2509,0.884680747
2510,0.6792546537
2511,3.4274496563
2512,0.2091276227
2513,-2.3558024915
2514,0.575416579
2515,0.7486705369
2516,0.335043475
2517,-0.8707971807
2518,-1.4958803372
2519,1.9491707843
2520,0.3248783788
2521,1.5535600144
2522,-0.6154254086
2523,0.9529141308
2524,-0.3742281786
2525,1.362975519
2526,0.2785326974
2527,0.5633566472
2528,-1.1672149964
2529,0.0063139816
2530,-0.827279797
2531,-0.39400789
2532,-1.2306511871
2533,1.5866049036
2534,-2.2005751046
2535,-0.1514687844
2536,0.8881844774
2537,-0.0598183817
2538,-0.437622017
2539,-1.1057547471
2540,-0.8125103846
2541,1.1637249325
2542,-0.4241088401
2543,0.4037132821
2544,-1.0031856583
2545,-2.1110734659
2546,0.8585833828
2547,-2.0829460358
2548,-0.8745224526
2549,-1.8093660538
2550,2.051068075
2551,1.5739213174
2552,-0.1857362203
2553,-2.1531722826
2554,0.2327321489
2555,0.9105846379
2556,-2.4323425367
2557,-1.2900551826
2558,0.394035963
2559,0.6952875255
2560,1.4303620708
2561,-0.6651017214
2562,0.486191455
2563,-1.8121148173
2564,1.7289132496
2565,3.4818911142
2566,-1.6794172291
2567,-0.6033681148
2568,-0.3155818873
2569,-2.2221486385
2570,-2.0550230422
2571,-2.1622730602
2572,1.8832565907
2573,0.6007430557
2574,-0.8403419737
2575,1.9201983266
2576,-2.8108797592
2577,-0.1439684887
2578,-3.1653984638
2579,-2.0730455276
2580,0.5209978957
2581,-0.3631874468
2582,2.1097541239
2583,-1.1694411735
2584,1.1669983598
2585,0.8485695107
2586,0.3756397615
2587,1.7495439023
2588,2.445864558
2589,-1.2323278256
2590,-2.0146870411
2591,-0.8680696441
2592,1.0356464623
2593,0.6815121727
2594,-0.7532316995
2595,0.1362226569
2596,0.6912844282
2597,-0.0431975445
2598,-1.3994133442
2599,-1.1954735975
2600,-0.3038923698
2601,-2.0069295129
2602,1.343775761
2603,0.4060779694
2604,-0.4196221472
2605,0.3746799304
2606,0.5224064795
2607,-2.048527862
2608,2.1019775993
2609,0.8729948351
2610,1.6128597054
2611,-0.8415671447
2612,-0.1673235727
2613,1.462816042
2614,-0.6222049196
2615,0.4238603404
2616,0.0358663212
2617,-0.2803643767
2618,1.4232721676
2619,-0.4853345206
2620,-1.440289633
2621,0.5485817107
2622,1.2478403386
2623,-0.9694068303
2624,-1.5165999294
2625,0.2725271721
2626,-0.1656751337
2627,-1.5476412456
2628,-0.268943093
2629,0.1652207762
2630,0.9052990805
2631,-1.7990511532
2632,1.2474924962
2633,1.1744789019
2634,1.4933123934
2635,0.7757074633
2636,1.4490564476
2637,-0.1440066294
2638,1.0455537296
2639,-0.0240773807
2640,1.1126010618
2641,-1.5627447848
2642,-0.8067769262
2643,0.253038724
2644,-1.4323738281
2645,-1.2483310306
2646,-0.7223493283
2647,0.9160380863
2648,0.8245306279
2649,-0.6133430266
2650,0.2675128779
2651,0.1389249511
2652,2.6220236565
2653,0.6821800877
2654,-0.5166108888
2655,0.4495790548
2656,0.3915113227
2657,-1.5883021964
2658,1.1393009486
2659,0.8147963596
2660,-0.9610186689
2661,2.1324379877
2662,0.1004226518
2663,-2.3990020969
2664,-1.0958036991
2665,-1.4838931391
2666,-0.8980526709
2667,2.0919339451
2668,1.175940796
2669,-1.8200358137
2670,0.0146003046
2671,0.5977586546
2672,-0.6631493134
2673,1.8493150685
2674,1.0643371021
2675,-0.9927992466
2676,0.6989685855
2677,-0.7768752833
2678,-2.7910331418
2679,1.0324057335
2680,-3.0317696045
2681,-2.1970655579
2682,0.6720954615
2683,-0.763254679
2684,-3.0774791259
2685,3.0946411372
2686,0.735966029
2687,-1.0886976043
2688,3.2623741494
2689,-1.4015317902
2690,-1.832203664
2691,0.6876712995
2692,-0.8503553293
2693,0.5413620031
2694,1.3885844588
2695,0.3397753432
2696,0.6430971519
2697,-0.3477724012
2698,-0.8057730754
2699,-2.0489338948
2700,-2.7984620626
2701,-0.8882454968
2702,3.814171617
2703,0.1878363088
2704,-1.5426293772
2705,-2.8553611599
2706,-3.018517185
2707,0.474408074
2708,-3.5595163644
2709,0.8894872163
2710,3.2941252778
2711,-1.0412392904
2712,-1.9272931292
2713,1.2748429652
2714,-2.7729396569
2715,1.3554765926
2716,-2.894198449
2717,4.3223695503
2718,0.3826214373
2719,3.0619208688
2720,-0.3534864862
2721,-0.3752459053
2722,-2.0438676734
2723,-3.8094997722
2724,-1.1238942782
2725,2.2390884553
2726,-4.2266781407
2727,1.1269969747
2728,0.8344280924
2729,0.4369952428
2730,-0.0319479058
2731,0.3768367577
2732,-0.3249205253
2733,1.3292679976
2734,4.3071850348
2735,0.0437647983
2736,0.2312081347
2737,-0.4343468804
2738,0.0417458106
2739,1.1892591367
2740,1.9629311373
2741,0.018197859
2742,-1.7145128323
2743,3.0619929934
2744,0.5059849432
2745,-1.1448922322
2746,0.6398492824
2747,0.8104458812
2748,0.1564275086
2749,0.1561831951
2750,-0.4135451108
2751,-1.3894730892
2752,0.8673434034
2753,0.795119698
2754,0.0691973112
2755,-2.711646745
2756,-0.0182749118
2757,0.8947120114
2758,-0.5445465479
2759,1.4179117533
2760,-0.8432460647
2761,1.6122721583
2762,-0.4189551299
2763,-2.9291240902
2764,1.0819964472
2765,-0.7683477055
2766,0.7334368935
2767,-1.8334277252
2768,-0.9131800075
2769,-1.8066931302
2770,-0.7856627334
2771,1.4082761395
2772,0.8199233416
2773,-0.0282519427
2774,-0.6836775612
2775,0.8939478262
2776,1.2245370233
2777,2.1056761204
2778,0.3154051874
2779,-1.2606654222
2780,-0.7307524291
2781,-2.3831535582
2782,0.1695726742
2783,-1.2396343751
2784,0.8868285392
2785,-1.9659551568
2786,-0.4165790669
2787,-0.3739972772
2788,-3.4383280774
2789,-4.1349244711
2790,3.2666049567
2791,2.8704431147
2792,2.2055675072
2793,-1.0784430621
2794,0.648224584
2795,0.9270503731
2796,0.1718896075
2797,-3.3514580885
2798,1.7821144435
2799,1.82939904
2800,-0.1263335308
2801,1.3410617484
2802,1.5687290917
2803,0.1260241432
2804,0.3630099402
2805,-1.2675131329
2806,2.8478434334
2807,0.002043268
2808,-2.5566442131
2809,-2.9128003077
2810,1.6128335566
2811,-0.727261115
2812,1.8555355145
2813,1.1623307071
2814,1.3119423302
2815,-1.3062186251
2816,-1.4148523869
2817,0.4790885636
2818,0.4872834633
2819,0.7174717733
2820,-0.0383122314
2821,1.317549671
2822,-0.9916679446
2823,-0.8498095378
2824,0.6810878
2825,-0.8223344285
2826,0.7655363796
2827,0.6924431054
2828,-0.5160169534
2829,-0.5300552133
2830,0.0592009735
2831,-0.1702490992
2832,-1.536987601
2833,0.8153353847
2834,-0.6117940879
2835,-0.4985644206
2836,0.6440725238
2837,-1.0662351469
2838,1.724573937
2839,0.4214799423
2840,-0.7404821057
2841,-0.1458485771
2842,0.9509499186
2843,-0.0052043759
2844,-1.6946309697
2845,0.8312155866
2846,-0.4820203794
2847,-1.1955744609
2848,-3.6803222856
2849,0.3237738774
2850,-0.2917847178
2851,-1.1151095647
2852,0.0481992232
2853,0.4380810348
2854,-1.9142555817
2855,-0.0580093239
2856,0.7772404785
2857,0.2540678983
2858,2.195208658
2859,-0.6326189512
2860,-1.4518837271
2861,-1.0962339969
2862,-3.2511633603
2863,0.2858161537
2864,-0.7166215259
2865,-2.3508288051
2866,-1.2024947528
2867,1.6799954943
2868,-0.0939411708
2869,0.9233325242
2870,-1.9420328227
2871,1.7551624559
2872,-0.599705355
2873,0.900769316
2874,-0.0608741684
2875,-2.6308224441
2876,0.95051205
2877,-0.1700886891
2878,2.444935994
2879,0.7377090069
2880,0.9115543006
2881,0.6006613277
2882,-0.5111108414
2883,0.8348219829
2884,-0.7931729053
2885,-1.4998190538
2886,-1.7442434343
2887,-1.0733236855
2888,1.6420845461
2889,1.3468918534
2890,-1.5041373891
2891,-1.4754565775
2892,-0.1195083615
2893,0.0695969067
2894,1.3372329109
2895,1.1522370426
2896,1.65807444
2897,-0.2927194945
2898,-1.6757389414
2899,0.6258215387
2900,-2.2930957923
2901,1.0811336624
2902,-2.0201610035
2903,1.6950839607
2904,-2.0974091389
2905,-2.6190927339
2906,-2.2454994575
2907,-0.6276529503
2908,-4.5619738245
2909,0.1132620092
2910,0.0272602116
2911,-5.81711174
2912,2.6476461294
2913,-0.7188363506
2914,-1.5644923207
2915,-3.0042155595
2916,-3.3738258358
2917,5.9599331957
2918,1.6672204922
2919,0.7199471801
2920,2.084840262
2921,1.6129718283
2922,-1.6529929224
2923,1.6237756058
2924,-0.8878357188
2925,3.054517663
2926,-3.9778740175
2927,0.428217485
2928,1.0888875326
2929,3.4513107095
2930,0.3121015684
2931,-0.5454739747
2932,1.7545533711
2933,3.5964244452
2934,-1.4686976427
2935,-2.7120158757
2936,2.4991068301
2937,2.3482108581
2938,1.6777397749
2939,-2.685049284
2940,1.0026271618
2941,-2.0808415546
2942,-2.9540491684
2943,2.8006585744
2944,-0.2508264473
2945,-0.9967994872
2946,3.2367307066
2947,1.1582110104
2948,1.2547095226
2949,3.0166030904
2950,-1.6895221741
2951,-1.9727583959
2952,4.0112634621
2953,0.9602653404
2954,0.4336239544
2955,0.4270414635
2956,1.8098541231
2957,-1.7316566
2958,-1.348842283
2959,0.9578087095
2960,0.3009673894
2961,0.3680323188
2962,-1.445735894
2963,-1.0782885086
2964,-0.903170895
2965,1.1096447479
2966,-0.7388167328
2967,2.5497020172
2968,3.65138004
2969,-1.3857549678
2970,-1.6465185388
2971,0.8972044204
2972,-1.2064815607
2973,-2.496337533
2974,-0.4555609186
2975,3.1576025446
2976,-0.8076693841
2977,-1.7358730267
2978,-1.1312621029
2979,0.6328416477
2980,1.8105226729
2981,-0.442219582
2982,-0.2441173782
2983,2.1200725098
2984,-1.0707632512
2985,-3.3770109993
2986,0.113733056
2987,-1.4719175062
2988,-1.6203641627
2989,0.6011063828
2990,-2.2898409231
2991,1.9024959853
2992,-1.819166582
2993,2.2219077174
2994,0.3923510459
2995,-1.3272875747
2996,1.6526428049
2997,0.562668291
2998,1.6711437216
2999,-0.3445607169
3000,1.0763544212
3001,-1.1446702143
3002,-1.9404737959
3003,0.3828036745
3004,1.4993068267
3005,-1.9189618423
3006,-2.0163908677
3007,-1.8414060649
3008,2.1315214204
3009,-0.5411322873
3010,-0.1289893692
3011,-0.407949024
3012,1.0195484298
3013,1.9600328351
3014,-1.2591318377
3015,-1.1110550109
3016,-1.5806113864
3017,0.1011831537
3018,0.2604854325
3019,-0.9577987159
3020,1.4708211102
3021,0.924745681
3022,3.2420020689
3023,0.4209161141
3024,1.1701824757
3025,1.8746862481
3026,-0.9278450171
3027,0.1600997252
3028,0.741544322
3029,-0.1491255244
3030,-0.6188967762
3031,-1.1060483497
3032,-0.327020622
3033,0.6622735052
3034,0.7936219639
3035,0.9123959274
3036,0.9124758192
3037,-0.9585328956
3038,-0.6638683847
3039,0.1391774913
3040,-2.1423412975
3041,-0.5387403143
3042,0.4284001853
3043,1.1240524064
3044,-0.5769977673
3045,0.4145280065
3046,-0.866908093
3047,0.0661371785
3048,-2.3745119115
3049,0.7823359985
3050,0.7426783021
3051,-1.5694857449
3052,0.7050432982
3053,1.1161922419
3054,2.9149071752
3055,0.4824301752
3056,-0.5444518141
3057,0.8660747312
3058,-0.6757444775
3059,-0.0789096595
3060,-0.3817251509
3061,-1.8486474756
3062,0.1333957755
3063,-0.4363260244
3064,0.099432845
3065,-1.3048158493
3066,-0.3603379722
3067,-0.9115862035
3068,-0.4429920772
3069,2.2400002864
3070,-0.5749329314
3071,-1.7944612436
3072,1.278950485
3073,1.3190632614
3074,0.7219013685
3075,-0.9066294105
3076,0.0309096076
3077,-1.119819254
3078,-0.625
3079,-1.1685522307
3080,0.5727303896
3081,0.6087001817
3082,0.5383487665
3083,-0.8494920849
3084,0.2725529948
3085,-1.1564597678
3086,1.2107259258
3087,-0.6314508063
3088,-2.9456838812
3089,-0.6247541717
3090,-0.545997521
3091,-1.2787845905
3092,0.0334197787
3093,0.9461293283
3094,-2.2015092447
3095,-1.2331487418
3096,-2.3065826723
3097,2.8730927734
3098,0.2427356428
3099,-1.8787018154
3100,-2.1129450344
3101,-1.9092645981
3102,-3.9578383894
3103,1.8372101679
3104,-1.3316433508
3105,0.1855328504
3106,3.2438274986
3107,-0.2806292831
3108,-2.6140215963
3109,-1.8053401971
3110,1.4319938647
3111,5.8594771478
3112,0.7826613798
3113,-1.9078136912
3114,-1.9920886396
3115,-3.2165349381
3116,1.3091869139
3117,-4.5162565937
3118,0.004676805
3119,3.7282734545
3120,1.3662432614
3121,-4.9055067024
3122,-2.6244471149
3123,-1.492343226
3124,-2.5021936026
3125,5.0895178226
3126,-0.1061820765
3127,5.654089981
3128,-5.0677199
3129,-1.1546431244
3130,-2.7907110844
3131,0.645281337
3132,-2.4680639822
3133,3.4444576002
3134,-1.2466345869
3135,4.9969613176
3136,0.0656604332
3137,-2.7998642642
3138,0.8085355307
3139,-2.6596901375
3140,3.6366018486
3141,4.0527281381
3142,-1.7727509542
3143,0.9557288532
3144,2.3084772717
3145,-1.3280785414
3146,-0.8497594751
3147,2.5864311454
3148,-3.4372141097
3149,-1.5727639145
3150,1.0171293532
3151,-1.4668239315
3152,-3.1444642027
3153,0.3777364607
3154,-1.3738656951
3155,2.9800703609
3156,-1.8892981207
3157,2.4807578251
3158,3.1179979764
3159,-3.710719383
3160,-1.7564955168
3161,-0.8841744649
3162,-0.0821422704
3163,-2.9020059191
3164,-1.4647362628
3165,-0.9950146476
3166,-3.1417610688
3167,-3.3906236806
3168,1.0480624946
3169,4.3139847306
3170,-0.911583232
3171,-3.5324814211
3172,-1.1617006717
3173,4.5784711138
3174,-1.1167659611
3175,-0.9456562522
3176,-0.6346448463
3177,-0.1866608238
3178,-1.6428025898
3179,1.5490744274
3180,3.9173195264
3181,-1.0192579988
3182,5.1059216467
3183,-0.4075118076
3184,2.6954700496
3185,-0.2108441158
3186,0.3427180796
3187,0.1558494296
3188,-2.6387218166
3189,2.9380809984
3190,0.6326154315
3191,1.1834238434
3192,-2.574379405
3193,0.5361427236
3194,1.6776768031
3195,3.6941768996
3196,0.0455515418
3197,-0.7850402605
3198,-3.2203952597
3199,-0.6769556819
3200,-0.2337788492
3201,1.351483537
3202,-0.1367639082
3203,2.2532028257
3204,-0.3332491984
3205,1.6877840164
3206,-0.8967481357
3207,-0.555617308
3208,3.7450330439
3209,0.6201094581
3210,0.6346341871
3211,-1.6594008551
3212,3.5324128511
3213,0.0597006006
3214,-0.2759505337
3215,0.7583419034
3216,-2.2846355834
3217,-1.0573665941
3218,-1.3435082088
3219,-2.0901718016
3220,0.6533158108
3221,0.6222248817
3222,-1.8818159357
3223,-2.0954635286
3224,3.1173381963
3225,-0.7098235792
3226,-1.7681085635
3227,0.2030605347
3228,0.6436165
3229,0.5186887132
3230,-2.5463989239
3231,-0.7301054671
3232,4.0931620808
3233,-0.7431603328
3234,1.7956488145
3235,0.4394246843
3236,0.8749890701
3237,0.0917130786
3238,1.4878363451
3239,0.8340091874
3240,-0.3399561398
3241,0.6669960144
3242,-2.3053868044
3243,-1.0436404662
3244,-0.6963134719
3245,-1.5221406544
3246,0.968046436
3247,-0.6545005181
3248,-3.9321093627
3249,-1.1125133018
3250,-0.2417957246
3251,1.3230112381
3252,-1.194429882
3253,1.1685188849
3254,-2.3981301649
3255,2.2084523399
3256,-1.9491553343
3257,-1.296389352
3258,-0.3735339501
3259,2.3446628091
3260,-1.4029276267
3261,-0.3869747081
3262,2.667761696
3263,1.843358245
3264,1.3496868101
3265,-2.0794841089
3266,-0.7868407358
3267,0.8999447746
3268,-1.5074810483
3269,-2.5016363956
3270,-0.3653190412
3271,1.828090545
3272,1.8971704286
3273,-0.2033487887
3274,-2.0944746548
3275,0.307072923
3276,-1.0697626524
3277,-1.7260036107
3278,-2.5732545728
3279,-1.0503824654
3280,-1.0615326178
3281,4.0037469166
3282,4.1299962785
3283,2.7028417127
3284,0.4138856898
3285,1.3416268018
3286,-1.1213149453
3287,2.5548565223
3288,-4.0428251838
3289,1.9783481214
3290,0.3102648781
3291,-1.9600167053
3292,0.1129166624
3293,-2.6321931628
3294,1.4087419353
3295,3.7173250928
3296,1.0284233541
3297,1.3802516457
3298,2.057211234
3299,-0.8816025054
3300,1.112972621
3301,-0.9383967738
3302,0.5384063337
3303,0.7186919947
3304,1.1127162399
3305,-0.8794614795
3306,1.0963971585
3307,0.0486766147
3308,0.1489875417
3309,-0.9184200276
3310,-0.5270481064
3311,1.7758922555
3312,-0.7657557867
3313,-1.0324558241
3314,-0.5100562086
3315,0.5405474083
3316,1.1923712192
3317,-2.12675554
3318,-1.9987556385
3319,1.3856012172
3320,0.1127179237
3321,-0.2971071149
3322,-0.1976175918
3323,0.7920278957
3324,1.0555395768
3325,-3.1150181647
3326,0.2946047473
3327,-1.5750812749
3328,1.9196954601
3329,0.4479382929
3330,-0.1260596854
3331,0.4007431378
3332,1.7175781477
3333,0.156036673
3334,0.3933364183
3335,1.3351755757
3336,-0.4927676939
3337,1.1397445349
3338,-0.7020518596
3339,1.9207734032
3340,-0.708577285
3341,0.4002894505
3342,1.4096343534
3343,0.8525724567
3344,0.1182651376
3345,1.5122747488
3346,0.2327313356
3347,0.554667505
3348,-1.5279755697
3349,2.5041252577
3350,-2.2862050965
3351,-0.6980113532
3352,1.0172585403
3353,0.0475457488
3354,0.3671917697
3355,-1.5509116963
3356,-1.7910216022
3357,1.3621967823
3358,-0.5211626311
3359,0.0750533134
3360,2.1204664047
3361,0.3038345961
3362,-0.7178029286
3363,-1.1163033841
3364,1.9024654187
3365,1.1106951362
3366,-0.6528526824
3367,-0.9600027902
3368,0.180302336
3369,-0.6464789657
3370,-1.0897876659
3371,0.5450346652
3372,0.0816055277
3373,1.6467690398
3374,-1.1072795389
3375,1.345641433
3376,-1.0390640342
3377,0.8708810613
3378,1.1082054435
3379,-0.9388715343
3380,-0.720472068
3381,0.6666638544
3382,-0.9583339561
3383,-0.3466054428
3384,0.4420097802
3385,0.4992222923
3386,0.7163968048
3387,-0.2437473786
3388,1.6018348468
3389,0.84947741
3390,0.3026162919
3391,-0.1751862776
3392,0.4888729298
3393,-0.1247418554
3394,-0.5481619303
3395,-0.5079245205
3396,0.1865330251
3397,0.4451765128
3398,-0.8891902845
3399,1.1685641154
3400,0.1320471496
3401,1.218788353
3402,-0.356569789
3403,-0.4830931185
3404,0.7800168946
3405,-0.919445588
3406,-1.4404432133
3407,-0.0365387529
3408,-1.272246763
3409,0.4941006677
3410,1.0541813267
3411,0.2061160307
3412,0.6856311117
3413,-1.2924385046
3414,-2.1034308998
3415,-0.0028721188
3416,-0.6342508671
3417,-0.192499706
3418,-1.2515087739
3419,-0.5492393292
3420,-1.0100399047
3421,0.7070812944
3422,0.1688624255
3423,2.3645437219
3424,-0.4059288122
3425,-0.0014519111
3426,0.438051473
3427,1.3690957301
3428,-0.6325583298
3429,1.2674365904
3430,-0.3171398116
3431,0.0397659978
3432,-0.1306196538
3433,-0.5785893147
3434,-0.125833517
3435,0.3235611369
3436,-1.3243115275
3437,-0.5018395109
3438,-0.1584311182
3439,1.1937691076
3440,1.0473285094
3441,0.0939676221
3442,1.2616664279
3443,0.1460845079
3444,1.2034477128
3445,-0.2162018183
3446,-0.0500034385
3447,0.4446853096
3448,0.5492412459
3449,-0.6177922281
3450,-0.4361129245
3451,0.7689781367
3452,0.1669671581
3453,0.482173375
3454,-2.1908992427
3455,-0.0939191942
3456,0.0589310879
3457,-0.2790423101
3458,0.4696538316
3459,1.3827824309
3460,0.1118211143
3461,-0.337842501
3462,0.3113152766
3463,0.0358639111
3464,1.6518414986
3465,-0.3201119054
3466,0.4844340962
3467,-0.2329226533
3468,-0.2579033778
3469,0.5838230532
3470,-0.4356676405
3471,0.9974505704
3472,0.029596983
3473,0.5030655175
3474,0.2034341887
3475,0.2577775436
3476,1.0551163339
3477,0.4231770833
3478,0.0196912411
3479,1.0158667212
3480,0.8302462463
3481,-0.2989498908
3482,1.8352892056
3483,0.4086672027
3484,0.0290756756
3485,0.3752948216
3486,-0.236672016
3487,0.1261893329
3488,0.1449348406
3489,0.4027132758
3490,-0.2607173727
3491,0.2764756958
3492,0.4636998346
3493,-0.3542769487
3494,0.8012118427
3495,0.613518585
3496,0.1629392274
3497,-1.0240938771
3498,0.3698009771
3499,0.6860081629
3500,-1.2727293619
3501,-1.0383022089
3502,0.3619238031
3503,0.0213568594
3504,-0.898207376
3505,0.7643785425
3506,0.9535646017
3507,1.3744756235
3508,0.451122359
3509,0.309601112
3510,0.5501830906
3511,-0.5180616615
3512,0.3280695632
3513,0.3938538944
3514,0.2918016714
3515,0.6953955013
3516,-1.232522954
3517,0.0898345529
3518,-1.0381809493
3519,0.171577036
3520,-0.1639412521
3521,1.0931128303
3522,0.6182267509
3523,0.6457472755
3524,-0.8810104067
3525,0.6944108653
3526,0.0983367319
3527,0.282773835
3528,-0.9916723188
3529,0.0748210405
3530,-2.1765664578
3531,-0.98367691
3532,-4.151831237
3533,1.4495213238
3534,1.7591240082
3535,-1.6066757306
3536,0.7506034991
3537,-1.9202737761
3538,0.5240818994
3539,-0.1982403194
3540,2.0882496148
3541,0.4801132175
3542,0.8588207254
3543,-0.2106930737
3544,0.1736576048
3545,0.9952458028
3546,2.121541326
3547,0.195898218
3548,-0.0494887187
3549,0.1569707106
3550,1.1489102441
3551,0.6460018097
3552,-1.0930427249
3553,-0.4980796142
3554,0.932566379
3555,-0.5662918941
3556,0.4172438139
3557,-1.1116222152
3558,0.1388536789
3559,0.4593974599
3560,0.3744757322
3561,-0.0466392094
3562,-1.5109439489
3563,-0.8903554269
3564,-0.6115633863
3565,0.7534385308
3566,-0.2325410591
3567,1.0329224449
3568,-1.4145559965
3569,-1.136795129
3570,-2.6398393216
3571,1.2015188695
3572,-1.0115058794
3573,0.4777098268
3574,-1.1021522947
3575,-1.3856612757
3576,0.6908327882
3577,2.2666973018
3578,-1.0480987935
3579,-0.1368801495
3580,0.9914802068
3581,-0.5378036615
3582,1.0788764606
3583,0.4958277615
3584,-0.1732468533
3585,0.0968321713
3586,-1.3933374174
3587,0.7683132068
3588,-0.0859849634
3589,1.3768877651
3590,1.227106274
3591,-0.0653570685
3592,-0.3516911943
3593,0.2786308631
3594,-0.4371659826
3595,-1.2043661452
3596,0.795961191
3597,0.5069340425
3598,0.416394216
3599,0.0777535579
3600,0.2478617976
3601,-0.895523679
3602,0.629307954
3603,0.6833419801
3604,-0.5157682252
3605,0.7868961559
3606,-0.6500135339
3607,-0.6505852685
3608,0.0866518967
3609,-0.6270603225
3610,0.3198629268
3611,-0.4652432404
3612,0.5110435384
3613,0.2629057743
3614,-0.4638218924
3615,0.0758011514
3616,0.2843436732
3617,-0.580695875
3618,-0.5791072959
3619,0.348233197
3620,-0.3682482662
3621,0.1077517448
3622,0.5181464624
3623,-1.3223063018
3624,-0.9640184316
3625,-1.3747312332
3626,1.3099239575
3627,-0.4233414669
3628,0.8157112373
3629,0.5906412097
3630,-0.6351546971
3631,0.3202464775
3632,-1.0374754706
3633,0.3097704379
3634,-1.9843042174
3635,-0.6171058761
3636,0.2764108335
3637,-0.6140018394
3638,0.2168855183
3639,-0.602035485
3640,1.2192759987
3641,0.500604917
3642,0.3294794726
3643,-0.3542556383
3644,1.061356459
3645,0.0487911389
3646,-0.110360946
3647,0.6950077334
3648,0.5626241774
3649,-0.0076070359
3650,-0.1547914157
3651,0.8818845205
3652,0.5668291647
3653,0.9669484369
3654,0.5768443443
3655,0.0555034775
3656,-0.1935404534
3657,-0.7077195467
3658,0.2089761849
3659,0.7969338757
3660,-0.3485214791
3661,-0.3843348838
3662,0.2245414038
3663,0.0804574956
3664,-0.3933039647
3665,0.2185397362
3666,-0.6120590966
3667,-0.3839621554
3668,-0.0600658843
3669,-0.5810082741
3670,0.6121088729
3671,0.7473454524
3672,-0.2335959827
3673,2.3837917776
3674,1.0254821455
3675,0.0048093781
3676,0.2203388814
3677,0.1093347394
3678,-0.114008662
3679,-0.2583141039
3680,-0.0638399914
3681,-0.4929895943
3682,0.0678288338
3683,0.0714237923
3684,0.9761726783
3685,-0.707986446
3686,0.6876915605
3687,0.3211366769
3688,-1.6984399775
3689,0.0279434842
3690,1.2863697616
3691,1.1632926635
3692,-0.2027240575
3693,1.0429636236
3694,0.230429772
3695,0.0950022777
3696,0.4312241385
3697,0.0875084631
3698,-0.3322414206
3699,-0.2538039176
3700,0.3588176218
3701,-0.099316469
3702,-0.3497121711
3703,-0.7265104506
3704,1.9602255901
3705,0.1426229672
3706,-0.1204151581
3707,-0.2608423351
3708,0.0441663123
3709,0.7063830666
3710,1.0083109209
3711,-0.1850308905
3712,-0.2711940999
3713,-0.2581607481
3714,0.9306383369
3715,0.427403986
3716,-0.2666999451
3717,0.3470681123
3718,-0.4853576539
3719,0.5880006864
3720,0.6876494695
3721,0.0663757896
3722,-0.2541052179
3723,0.3111147169
3724,-0.3685868365
3725,0.3214527408
3726,0.5317871121
3727,0.9304636329
3728,0.3235478705
3729,-0.0386560925
3730,0.2916836653
3731,0.2600013986
3732,-0.2186687859
3733,0.4768280946
3734,-0.0449316596
3735,-1.0482413309
3736,0.1850451889
3737,-0.1393592585
3738,-0.6878175707
3739,-0.2308640526
3740,0.7947908808
3741,0.0920482307
3742,0.7678672175
3743,0.0274894429
3744,-0.1022412124
3745,-0.7691735669
3746,-0.2029320591
3747,-0.358921482
3748,0.7371456638
3749,0.2756433326
3750,0.7418796239
3751,0.1545218923
3752,0.9245683129
3753,0.3588461277
3754,0.5401317922
3755,0.03653584
3756,1.204025656
3757,0.4160275438
3758,0.184956188
3759,-0.2996074567
3760,0.0042365793
3761,1.4506052834
3762,-0.0344149094
3763,0.5143432936
3764,-0.6092834612
3765,0.1054825426
3766,-0.1627485277
3767,-1.1023918695
3768,-1.2076559961
3769,0.0406383193
3770,-0.0160357497
3771,0.9312981372
3772,-0.5159082842
3773,0.8657204205
3774,-0.3029907826
3775,-0.2626096585
3776,1.2655560983
3777,0.0828306838
3778,-0.6882556137
3779,-0.737330322
3780,-0.9659566215
3781,0.1158851883
3782,-0.3611947719
3783,0.6260441598
3784,-1.6408863651
3785,0.3760336547
3786,0.3042572006
3787,-0.4155916879
3788,0.7999631622
3789,-0.5065014727
3790,0.6182401587
3791,0.1589787094
3792,-0.4718954306
3793,-0.2295212938
3794,0.3315785627
3795,-0.8988643092
3796,1.0004302561
3797,0.9034104121
3798,0.1097918555
3799,-0.0702758152
3800,-0.5433740444
3801,-0.3395915925
3802,0.7610450734
3803,-0.1002825956
3804,-2.2350344886
3805,-1.4134086406
3806,0.226023079
3807,-0.327215685
3808,0.023296875
3809,0.8615453849
3810,0.1077327763
3811,-0.2470843987
3812,-1.0865637702
3813,0.0044562117
3814,0.180283772
3815,1.314219543
3816,0.530701126
3817,0.2988601072
3818,0.4328088546
3819,0.2988426114
3820,-0.4274984729
3821,-0.8391650743
3822,0.0415563072
3823,0.6907093635
3824,0.1020328774
3825,-0.0520445073
3826,-0.0477384872
3827,1.6378539049
3828,0.3833687161
3829,-0.336162495
3830,0.3042109196
3831,-0.2617815194
3832,-0.2251353448
3833,0.7122067234
3834,-0.3865021832
3835,0.909234181
3836,-0.4193623625
3837,1.3121766019
3838,-0.1162165431
3839,-0.4402654081
3840,-0.508542107
3841,0.9111647916
3842,-0.5012826248
3843,0.0663997023
3844,0.7109753529
3845,0.1851194406
3846,0.3674648676
3847,-0.5283822099
3848,0.638886909
3849,0.598456141
3850,-0.2354792265
3851,0.548682644
3852,0.141057352
3853,0.4462114
3854,-0.9437358995
3855,-0.5631677703
3856,0.619351827
3857,0.8954319165
3858,0.1433075351
3859,0.4691656426
3860,-0.1434476192
3861,-0.0774285214
3862,0.2559252032
3863,-1.9130395055
3864,1.5428621652
3865,0.8485439664
3866,-0.0293572909
3867,0.6522516207
3868,0.2757188831
3869,-0.2147512364
3870,0.1729740708
3871,0.8432888264
3872,-0.3782976605
3873,0.144898571
3874,-0.0269440235
3875,-0.0169700498
3876,0.2615547048
3877,0.4520465535
3878,0.3974705225
3879,-0.1303233904
3880,-0.4616554683
3881,0.4469206989
3882,0.3539663563
3883,-0.7428829342
3884,-0.286862756
3885,0.6978279277
3886,0.297559284
3887,0.8240083303
3888,-0.0694148692
3889,-0.3414114066
3890,-0.0225754343
3891,-0.4428181348
3892,-0.4507011597
3893,-0.556753162
3894,0.9464130575
3895,0.4134987264
3896,-0.6948558858
3897,-0.249395985
3898,-0.9495102799
3899,-0.7853232339
3900,0.3402410546
3901,-0.1630044304
3902,0.8727874348
3903,1.2508788565
3904,0.1075615106
3905,1.0438678228
3906,1.1930640239
3907,0.3354780013
3908,0.3189872724
3909,0.4348103016
3910,0.0772470223
3911,-0.6184110972
3912,0.2809239414
3913,0.1587190729
3914,0.5383832394
3915,0.0370333625
3916,0.4498898123
3917,-0.7851974117
3918,0.3457025548
3919,0.8978284214
3920,0.8813698697
3921,-0.432641693
3922,1.1537219208
3923,-0.1953450434
3924,0.308895446
3925,0.6177216571
3926,0.3538375225
3927,-0.8801064567
3928,-0.6670844892
3929,-0.1720786104
3930,0.6354516815
3931,0.0888893792
3932,-0.8177498014
3933,-1.4428565925
3934,0.5886212642
3935,0.001883429
3936,-0.9370112364
3937,-1.2098916979
3938,-0.1941859679
3939,-0.1300289941
3940,1.5980653348
3941,-0.5496263764
3942,-0.0305368046
3943,-1.3825574871
3944,0.1055359975
3945,1.4923333303
3946,-0.6346567556
3947,-0.0258956888
3948,0.5026657454
3949,-0.616600173
3950,0.0826002526
3951,0.1852028516
3952,0.1542078607
3953,-0.1711830609
3954,0.6887972426
3955,-0.0542343741
3956,-0.4597967222
3957,-0.6178056347
3958,0.5148339443
3959,0.7840865903
3960,0.0759943412
3961,-0.1157959507
3962,0.9864182006
3963,0.0705769417
3964,0.2078163752
3965,-0.3519045136
3966,0.0122405989
3967,-0.5866216606
3968,1.1451286524
3969,-0.2706358461
3970,-1.1051869281
3971,0.0683642918
3972,-0.3102691442
3973,-0.1027906753
3974,-0.0619295349
3975,0.4833515702
3976,-0.0607247687
3977,-0.2961876273
3978,-0.1799625792
3979,0.6848839098
3980,-0.2557956714
3981,0.4179212296
3982,1.0442419593
3983,0.1741096262
3984,0.211194774
3985,0.4550564898
3986,-0.029706529
3987,0.0798515193
3988,-0.4100835987
3989,0.4918976585
3990,0.2910937867
3991,0.7182425575
3992,0.1633639109
3993,0.4480683952
3994,-0.8446942702
3995,0.8859308846
3996,-0.0948404228
3997,-0.959305676
3998,0.439604767
3999,-0.8450835227
4000,-0.9087309911
4001,1.0590150892
4002,-0.7448099559
4003,-0.2672047433
4004,-0.4350234787
4005,1.486086163
4006,0.6106797639
4007,1.2212814973
4008,0.134260509
4009,0.6006505226
4010,1.0518430405
4011,-0.7583892162
4012,0.3573976714
4013,0.1046922414
4014,-0.1108414804
4015,0.2460828177
4016,1.2702478551
4017,-0.2847163055
4018,0.73281468
4019,0.0035135854
4020,-0.1623390813
4021,0.6134951948
4022,0.3852436283
4023,0.3855073442
4024,0.7914697488
4025,1.1043305589
4026,-0.1386592002
4027,0.4080448984
4028,0.3894103839
4029,-0.7783416511
4030,1.3755568008
4031,-0.7780123374
4032,-0.4564033993
4033,0.0289171551
4034,-0.4915325714
4035,-0.6161675248
4036,0.6053676339
4037,0.617116805
4038,0.6252279784
4039,-0.0878010897
4040,0.0904114517
4041,0.2296208317
4042,0.413543513
4043,0.0956248165
4044,0.1525065627
4045,-0.3798605672
4046,0.4048327302
4047,-0.9603223708
4048,-0.5523785957
4049,0.3660512702
4050,0.4442639255
4051,-0.1305834998
4052,0.5542309238
4053,-0.2198002962
4054,0.1900198953
4055,-0.0688143654
4056,-0.7683780798
4057,0.0067684267
4058,-1.2092269145
4059,-0.6244275307
4060,0.0663712661
4061,-0.2101778714
4062,1.1661597702
4063,0.5332719182
4064,1.1135080514
4065,-0.1049203462
4066,0.1613285576
4067,0.0427801634
4068,-0.2876149276
4069,0.010093054
4070,0.3094370796
4071,-0.442606067
4072,0.4378394308
4073,0.887793022
4074,0.276705142
4075,0.1292674588
4076,-0.1531038731
4077,-0.4674707826
4078,-2.4832632625
4079,-1.0460965479
4080,0.0707663745
4081,-2.9984751817
4082,-0.3369462667
4083,0.5396822659
4084,-2.8445151625
4085,1.9223392837
4086,-1.0169612839
4087,1.4573828405
4088,1.8432897858
4089,-0.3802030242
4090,-1.8098103504
4091,1.566421838
4092,0.0520293693
4093,0.1260294384
4094,-0.641689239
4095,-1.5574319861
4096,1.0142206202
4097,-2.4241234171
4098,1.3293701142
4099,-0.6018976367
4100,-2.1203145779
4101,0.5047464691
4102,1.6983026602
4103,-0.6659840825
4104,0.8574451935
4105,0.4223662917
4106,0.4674237009
4107,0.8148467189
4108,0.248085069
4109,0.0212823439
4110,-0.5506944604
4111,-0.2291693371
4112,1.7678375531
4113,1.4183338797
4114,0.1861778191
4115,0.289551939
4116,-0.7058408255
4117,1.0033642973
4118,-0.0867902649
4119,0.1960986721
4120,-0.981156313
4121,0.0182017593
4122,-1.4067399429
4123,-1.185053228
4124,-0.540913895
4125,-0.1645919279
4126,2.3716530357
4127,0.1811722254
4128,-0.9828417333
4129,2.0090102339
4130,0.4350676632
4131,0.2006545346
4132,1.1448036396
4133,1.0111824551
4134,-0.5838146974
4135,-0.942633192
4136,1.3360018779
4137,-0.5251606228
4138,1.1304364305
4139,-1.2032714162
4140,0.3689410966
4141,0.655734404
4142,-0.8495854635
4143,-0.2802664164
4144,1.0698547383
4145,0.739290797
4146,0.4553350081
4147,0.3478313177
4148,-0.1654560824
4149,-0.1068911837
4150,0.2148455252
4151,-0.5637011661
4152,0.2514022228
4153,0.6119723352
4154,0.2475942176
4155,0.2082951778
4156,-0.2234671205
4157,0.3977027338
4158,0.7020389517
4159,-0.5391430689
4160,-0.8966296264
4161,-0.1751662381
4162,-0.21933999
4163,0.9099823606
4164,0.3452556014
4165,0.0622566674
4166,0.5231519147
4167,0.0765524316
4168,-0.3816746269
4169,1.5129542177
4170,0.4088232257
4171,-0.7004976227
4172,0.0306695564
4173,1.8082398511
4174,2.6360391133
4175,-0.1528942447
4176,0.0348022454
4177,-0.1453439539
4178,-0.4289316962
4179,0.9494157255
4180,1.03061625
4181,0.2721723772
4182,-0.0653858291
4183,0.692357439
4184,0.199481587
4185,1.1009810473
4186,0.355038137
4187,0.1642544084
4188,-1.7163068681
4189,1.1543747056
4190,0.4888716323
4191,0.7004003604
4192,0.4624590302
4193,-0.3002811165
4194,0.4160591527
4195,-0.0234682088
4196,0.6799641899
4197,-0.0917950834
4198,0.2902298816
4199,0.1425115202
4200,-0.3869988688
4201,0.5495935776
4202,1.2599027324
4203,0.642873642
4204,0.2283390338
4205,0.1490376385
4206,-0.7724251101
4207,0.6391761234
4208,0.1511492708
4209,0.4329252652
4210,0.4726864884
4211,-0.5006551766
4212,0.4100184148
4213,0.4673849764
4214,-0.0713501534
4215,-1.3742318605
4216,-2.1386830945
4217,-0.3967577399
4218,1.790697691
4219,-0.9207339771
4220,-1.3625251671
4221,1.3601217118
4222,1.3440288026
4223,-0.1810111571
4224,0.3976568802
4225,0.0981298524
4226,0.944830454
4227,-0.0661483386
4228,0.8964648592
4229,0.1703045934
4230,0.2487421023
4231,-0.4872224087
4232,-0.9827148267
4233,0.1756418301
4234,-0.3612229802
4235,-0.5957483811
4236,0.9476740884
4237,-0.2718465912
4238,-0.1009816175
4239,1.5403130854
4240,0.0744842699
4241,0.0507876916
4242,-0.5402449744
4243,0.1230337521
4244,-0.0754055203
4245,-1.3653382987
4246,1.5067915444
4247,0.2749734183
4248,0.337550976
4249,-0.4238181075
4250,-0.4221322064
4251,-0.2077663191
4252,0.9295324161
4253,-0.2653178191
4254,0.0619749294
4255,1.1977547612
4256,-0.0233853293
4257,-0.838528583
4258,0.6354288254
4259,0.3198482844
4260,-0.0013755913
4261,0.1257441968
4262,0.4097052144
4263,-0.0991032848
4264,0.5917888364
4265,1.0297038199
4266,-0.1925303282
4267,0.3338729259
4268,-0.7159423213
4269,0.3764615707
4270,0.3527972601
4271,-0.1727523519
4272,0.434979049
4273,-0.1991190261
4274,-0.6536286015
4275,0.0169046848
4276,-0.1636110121
4277,0.6026911334
4278,-3.0142488033
4279,-1.1097729519
4280,-1.2878638652
4281,-0.730187861
4282,-1.5262679446
4283,0.5585877143
4284,0.627805801
4285,2.0218922333
4286,0.445259936
4287,-0.7764511531
4288,-1.1564670369
4289,-2.7211807949
4290,2.4848555424
4291,0.2654156191
4292,1.9517206137
4293,0.5122735049
4294,-0.0886686993
4295,1.2550198063
4296,0.3837143114
4297,-0.5231826926
4298,0.4644233229
4299,-0.370093868
4300,0.8444369584
4301,0.2492272744
4302,0.608533218
4303,1.5097645313
4304,-0.0675479884
4305,0.2128124826
4306,0.2043393183
4307,-0.0526499658
4308,-0.7641196749
4309,0.5529785976
4310,0.3708579228
4311,-0.3648261437
4312,-0.6387786274
4313,-0.327497539
4314,1.7487885458
4315,-3.3300411932
4316,0.28603507
4317,-0.0642963966
4318,-1.4194811486
4319,-0.2013385597
4320,0.2942745009
4321,-0.1477486885
4322,1.5608950055
4323,0.3543005641
4324,-0.7865228368
4325,0.3620339404
4326,-0.2327268683
4327,1.1039107657
4328,-0.3413326639
4329,0.9410336056
4330,0.6381430912
4331,0.3311284505
4332,0.6694204648
4333,-0.0856122103
4334,0.1022907949
4335,1.0152014547
4336,-0.8473518395
4337,-0.2762535309
4338,0.4743138544
4339,0.4231516976
4340,-0.3377520378
4341,1.2690545105
4342,1.1226767192
4343,-0.5625274671
4344,-0.6448519577
4345,-2.5210780096
4346,-1.3591140394
4347,0.6152398629
4348,0.8375770889
4349,-1.1800048813
4350,0.4436376995
4351,1.6763583407
4352,1.1519737787
4353,-0.9736364422
4354,-0.6846011331
4355,0.2366635081
4356,-1.019572103
4357,-0.6551362511
4358,0.4288119121
4359,-0.6270051831
4360,-0.4981294664
4361,0.9413092045
4362,0.4865053575
4363,-0.5862194782
4364,0.4370246912
4365,0.8090427423
4366,-0.5490423665
4367,1.0122449931
4368,-0.5551729641
4369,-1.007030543
4370,-0.3892376081
4371,1.1891997064
4372,0.5467895192
4373,0.5784297309
4374,0.2872155134
4375,-0.6282265606
4376,0.987476918
4377,-1.8228100904
4378,0.8479554005
4379,-0.9524025103
4380,0.1636149675
4381,-2.6597120005
4382,0.3239223688
4383,-0.5456699871
4384,2.029928467
4385,-1.3963964618
4386,0.5679714776
4387,-0.9830624755
4388,-0.7031655923
4389,1.5299283349
4390,2.3974762356
4391,-1.1056929957
4392,-2.5905893473
4393,1.9226603654
4394,-1.2130235116
4395,-0.2240045781
4396,-3.7243883109
4397,1.8441010972
4398,0.2219463345
4399,-0.2053374459
4400,0.8384976774
4401,-0.4645119116
4402,0.2931634817
4403,-0.2016156228
4404,-1.2631519018
4405,0.4162877032
4406,0.9151469643
4407,1.1625428586
4408,0.4634082435
4409,0.29696511
